target,feature_set,feature_kind,train_window,test_window,path_length,model,train_positive_rows,train_negative_rows,test_positive_rows,test_negative_rows,test_base_rate,precision,recall,f1,observed_lift,predicted_positive,null_lift_mean,null_lift_max,null_f1_mean,null_f1_max,hash
path_count_X_semiprime_ge2,path_factor_signature,factor_control,square_1_100,square_101_300,24,category_rate_threshold,659,9341,1227,38773,0.030675,1.0,0.9657701711491442,0.9825870646766169,32.59983700081499,1185,,,,,5fa79b4ea91754f1258132fb5534c53d18580bd0bf753d05fbebcfeb3855521d
path_count_X_semiprime_ge2,current_factor_signature,factor_control,square_1_100,square_101_300,24,category_rate_threshold,659,9341,1227,38773,0.030675,0.21713870733478577,0.2436837815810921,0.2296466973886329,7.078686465681687,1377,,,,,184c794bff6db4cede7387f14e0a051a5ef280f7f246e5dccbee58502e2f782e
path_count_X_semiprime_ge2,ordered_path24,ordered_path,square_1_100,square_101_300,24,category_rate_threshold,659,9341,1227,38773,0.030675,0.0612540775643349,0.2754686226568867,0.10022238695329873,1.9968729442325965,5518,0.9910129080611422,1.105430522439419,0.05392825699379954,0.06001500375093772,bcc3b03fd880595bba6dc8f4d966c156418f9d08072df60533820a77803313d9
path_count_X_semiprime_ge2,shuffled_path24,shuffled_path_control,square_1_100,square_101_300,24,category_rate_threshold,659,9341,1227,38773,0.030675,0.0612540775643349,0.2754686226568867,0.10022238695329873,1.9968729442325965,5518,,,,,43ad91070ec025a4eccb502c8fac474b3950cf360b09c5f7faf3dfb5c0cc9101
path_count_X_semiprime_ge2,be_pair24,current_cell_control,square_1_100,square_101_300,24,category_rate_threshold,659,9341,1227,38773,0.030675,0.0612540775643349,0.2754686226568867,0.10022238695329873,1.9968729442325965,5518,,,,,d954bb7e4feecbc614545a606ffa31454186ed860432a9e2fb6217da61469877
path_count_X_semiprime_ge2,ordered_path9_24,ordered_path,square_1_100,square_101_300,24,category_rate_threshold,659,9341,1227,38773,0.030675,0.054125219426565244,0.15077424612876936,0.07965554359526372,1.764473330939372,3418,0.9770875335240687,1.1731876733078788,0.04456485169633468,0.053406223717409586,8a389bdda22b249595eff96a5f40bf020c85aedee23324e5c078d9fba6a8b5ae
path_count_X_semiprime_ge2,shuffled_path9_24,shuffled_path_control,square_1_100,square_101_300,24,category_rate_threshold,659,9341,1227,38773,0.030675,0.054125219426565244,0.15077424612876936,0.07965554359526372,1.764473330939372,3418,,,,,ca3eac36a03b50f72a0ca2572e0c51d3801a29cd01e6ffa8194cada5e5f998cf
path_count_X_semiprime_ge2,be_pair9_24,current_cell_control,square_1_100,square_101_300,24,category_rate_threshold,659,9341,1227,38773,0.030675,0.054125219426565244,0.15077424612876936,0.07965554359526372,1.764473330939372,3418,,,,,a183e2ca155a5af375037e1b750a5c3bdc1c5b834d46e9b63ef77bc43c07f008
path_count_X_semiprime_ge2,unordered_path9_24,unordered_path_control,square_1_100,square_101_300,24,category_rate_threshold,659,9341,1227,38773,0.030675,0.049874416935773234,0.4531377343113284,0.08985858585858586,1.6258978626168943,11148,,,,,fb568ac3e9d4b048049fa34a15189ad3f621d412f54ca7d24bbcf823f2dba633
path_count_X_semiprime_ge2,unordered_path24,unordered_path_control,square_1_100,square_101_300,24,category_rate_threshold,659,9341,1227,38773,0.030675,0.04806257089975521,0.6560717196414018,0.0895638629283489,1.5668319771721337,16749,,,,,1d2275a0cbbfb16d7a8dd8828d87577f39cec97ea6590c5e834d11457bc923a3
path_count_X_semiprime_ge2,qa_orbit_id24,static_orbit_control,square_1_100,square_101_300,24,category_rate_threshold,659,9341,1227,38773,0.030675,0.04806257089975521,0.6560717196414018,0.0895638629283489,1.5668319771721337,16749,,,,,85b791f380bb7a50948c0beb43f2ec53cc5eb29da8707e9de9afdb5869e561e9
path_count_X_semiprime_ge2,ordered_path9,ordered_path,square_1_100,square_101_300,24,category_rate_threshold,659,9341,1227,38773,0.030675,0.03630923499919133,0.36593317033414835,0.0660634149930111,1.1836751425979244,12366,1.0088414000331007,1.2057662944863439,0.056214732842410145,0.0670142616163165,a6d6b336c9a40fdf2b460eeefae929519a788a070ece19040a272996bacb7d11
path_count_X_semiprime_ge2,shuffled_path9,shuffled_path_control,square_1_100,square_101_300,24,category_rate_threshold,659,9341,1227,38773,0.030675,0.03630923499919133,0.36593317033414835,0.0660634149930111,1.1836751425979244,12366,,,,,fd6a5a4e9ebbc332ca9f029d262ad82879ef44ee48e1a60a21bc903bbbfd62a5
path_count_X_semiprime_ge2,be_pair9,current_cell_control,square_1_100,square_101_300,24,category_rate_threshold,659,9341,1227,38773,0.030675,0.03630923499919133,0.36593317033414835,0.0660634149930111,1.1836751425979244,12366,,,,,e22975c408d8aa8089ee0202788a8ff77092be5da0a66f9fa48fb66bab338a03
path_count_X_semiprime_ge2,orbit_period9_24,static_orbit_control,square_1_100,square_101_300,24,category_rate_threshold,659,9341,1227,38773,0.030675,0.03510729613733905,1.0,0.06783315366116592,1.144492131616595,34950,,,,,c5549ccea95e876b16e3707a5513a6f84f35eaea65c8bcaaae839d2fb0757199
path_count_X_semiprime_ge2,path_family_sequence9,ordered_path,square_1_100,square_101_300,24,category_rate_threshold,659,9341,1227,38773,0.030675,0.03455267381937991,1.0,0.06679732157439164,1.1264115344541128,35511,1.0375682163855253,1.1264115344541128,0.06168710107926444,0.06679732157439164,62ebf18a572a37c22f844a8d410b6442d2004a75b1aed859ee013df91d90263d
path_count_X_semiprime_ge2,unordered_path9,unordered_path_control,square_1_100,square_101_300,24,category_rate_threshold,659,9341,1227,38773,0.030675,0.03455267381937991,1.0,0.06679732157439164,1.1264115344541128,35511,,,,,2093b6c54d8e40b28a0dbcd31b9e84599214290ec3945826d9831f35dd53898d
path_count_X_semiprime_ge2,qa_orbit_family9,static_orbit_control,square_1_100,square_101_300,24,category_rate_threshold,659,9341,1227,38773,0.030675,0.03455267381937991,1.0,0.06679732157439164,1.1264115344541128,35511,,,,,47aab3710ee664cca7e85525875d51dd3f893d328a32c87e2dbfd455156ce85e
path_count_X_semiprime_ge2,qa_orbit_id9,static_orbit_control,square_1_100,square_101_300,24,category_rate_threshold,659,9341,1227,38773,0.030675,0.03455267381937991,1.0,0.06679732157439164,1.1264115344541128,35511,,,,,e2112fa1b7e28e730158a241844307b58500ce56e58825b91b7427a04a3ee902
path_count_X_semiprime_ge2,path_family_sequence24,ordered_path,square_1_100,square_101_300,24,category_rate_threshold,659,9341,1227,38773,0.030675,0.031161904761904762,1.0,0.0604403723954485,1.0158730158730158,39375,1.0063653382384523,1.0158730158730158,0.059891554351138604,0.0604403723954485,3b2e504788f9326193a907a2b22085113c9d4ed18bd3a8a6a6f9240f5bc4c0dd
path_count_X_semiprime_ge2,qa_orbit_family24,static_orbit_control,square_1_100,square_101_300,24,category_rate_threshold,659,9341,1227,38773,0.030675,0.031161904761904762,1.0,0.0604403723954485,1.0158730158730158,39375,,,,,992b3e479a09b2d93088fd1209f651b6eea15e1d7bee6a08e22c109d24554fbb
path_count_F_squarefree_ge_half,ordered_path9_24,ordered_path,square_1_100,square_101_300,24,category_rate_threshold,2796,7204,11039,28961,0.275975,0.5852513628104179,0.7002445873720445,0.637604652121912,2.1206680417081905,13208,1.0022256338587352,1.0487663091127797,0.3181357725575298,0.33512483323804076,7f9b5603464becd403b7aa47a6b515fe7ec5bba889d461a9a705ad4b3cf9aa1a
path_count_F_squarefree_ge_half,shuffled_path9_24,shuffled_path_control,square_1_100,square_101_300,24,category_rate_threshold,2796,7204,11039,28961,0.275975,0.5852513628104179,0.7002445873720445,0.637604652121912,2.1206680417081905,13208,,,,,8726b8c353696b7071a01b00e8f55e37da6e25e6d990d53ed9b18e3cf4f4da04
path_count_F_squarefree_ge_half,be_pair9_24,current_cell_control,square_1_100,square_101_300,24,category_rate_threshold,2796,7204,11039,28961,0.275975,0.5852513628104179,0.7002445873720445,0.637604652121912,2.1206680417081905,13208,,,,,2095abe382750623e2029c2d72520cd9ab51609825d51f725c9598124442a2b9
path_count_F_squarefree_ge_half,path_factor_signature,factor_control,square_1_100,square_101_300,24,category_rate_threshold,2796,7204,11039,28961,0.275975,0.5138351983723296,0.9151191231089773,0.6581321867161797,1.861890382724267,19660,,,,,f554f2d5802c10386d91de7ea44c6e8773a3e9a5c8c275e440f9b4c2f7eb5324
path_count_F_squarefree_ge_half,current_factor_signature,factor_control,square_1_100,square_101_300,24,category_rate_threshold,2796,7204,11039,28961,0.275975,0.5124056711639606,0.8119394872723978,0.6282990431460517,1.856710467121879,17492,,,,,a0c0f674648f04de7f4b6c90dab46733c9fffdbe6c469efc51448a99606dd652
path_count_F_squarefree_ge_half,unordered_path24,unordered_path_control,square_1_100,square_101_300,24,category_rate_threshold,2796,7204,11039,28961,0.275975,0.41395732553343084,1.0,0.5855301543520925,1.499981250234372,26667,,,,,a74afb5a6d3d061b9ab8d29aa0630426786722c0785fbe58fdd1617eedb33fc4
path_count_F_squarefree_ge_half,unordered_path9_24,unordered_path_control,square_1_100,square_101_300,24,category_rate_threshold,2796,7204,11039,28961,0.275975,0.41395732553343084,1.0,0.5855301543520925,1.499981250234372,26667,,,,,636861cc37db39b85e82f46ccfd5534177f5149f3fcbe7d7ab81091e486bd7ac
path_count_F_squarefree_ge_half,qa_orbit_id24,static_orbit_control,square_1_100,square_101_300,24,category_rate_threshold,2796,7204,11039,28961,0.275975,0.41395732553343084,1.0,0.5855301543520925,1.499981250234372,26667,,,,,9b6bc4ddcf00ae5b55ffacd7af412ed7153ac8f105076adf5bb3f45993845aad
path_count_F_squarefree_ge_half,ordered_path24,ordered_path,square_1_100,square_101_300,24,category_rate_threshold,2796,7204,11039,28961,0.275975,0.4136509768362048,0.9091403206812211,0.5685957904875216,1.498871190637575,24262,1.006378962600051,1.0493644695951991,0.398034076274013,0.4168053664195289,11d6af45db69299b416792a9659a7cd949defd23d126f364d028aa4a5b3bac0f
path_count_F_squarefree_ge_half,shuffled_path24,shuffled_path_control,square_1_100,square_101_300,24,category_rate_threshold,2796,7204,11039,28961,0.275975,0.4136509768362048,0.9091403206812211,0.5685957904875216,1.498871190637575,24262,,,,,0e3236999856be5f1c53535e27168a5a473337087c7ed98e576fbce1a21346f5
path_count_F_squarefree_ge_half,be_pair24,current_cell_control,square_1_100,square_101_300,24,category_rate_threshold,2796,7204,11039,28961,0.275975,0.4136509768362048,0.9091403206812211,0.5685957904875216,1.498871190637575,24262,,,,,086affa9debdd8ad0bfe5f6fa773f72d3a6a1eb1a3fd4285843aae8e21debe70
path_count_F_squarefree_ge_half,orbit_period9_24,static_orbit_control,square_1_100,square_101_300,24,category_rate_threshold,2796,7204,11039,28961,0.275975,0.31585121602288985,1.0,0.4800713214029442,1.144492131616595,34950,,,,,5eb48b44ec30e6a20bee455e6cde39702af4573f509c42d7a353ce4d37c5b258
path_count_F_squarefree_ge_half,ordered_path9,ordered_path,square_1_100,square_101_300,24,category_rate_threshold,2796,7204,11039,28961,0.275975,0.31086142322097376,1.0,0.4742857142857142,1.1264115344541126,35511,1.0020619589819124,1.0365213870304055,0.42747046537954375,0.4406610331765392,f6e63631884af41cf44f40ef4f9e0b171a3936619d72ac47365568d7e6ad1e5b
path_count_F_squarefree_ge_half,path_family_sequence9,ordered_path,square_1_100,square_101_300,24,category_rate_threshold,2796,7204,11039,28961,0.275975,0.31086142322097376,1.0,0.4742857142857142,1.1264115344541126,35511,1.0002449640651887,1.012248203259439,0.43265399747087974,0.4367124913460588,48e66a99c52f46122d5f6ce317b80fe783fb0b494769ea622e09bafee14f4f56
path_count_F_squarefree_ge_half,unordered_path9,unordered_path_control,square_1_100,square_101_300,24,category_rate_threshold,2796,7204,11039,28961,0.275975,0.31086142322097376,1.0,0.4742857142857142,1.1264115344541126,35511,,,,,3c706886608006a2fef8ee82df98ff56db9f9ca479ea6f5b85dcc039a072b1b2
path_count_F_squarefree_ge_half,shuffled_path9,shuffled_path_control,square_1_100,square_101_300,24,category_rate_threshold,2796,7204,11039,28961,0.275975,0.31086142322097376,1.0,0.4742857142857142,1.1264115344541126,35511,,,,,204486295bc4cc70ff046131cc6b5e6a169477d6f5a3b0479dc49f231a121a0e
path_count_F_squarefree_ge_half,be_pair9,current_cell_control,square_1_100,square_101_300,24,category_rate_threshold,2796,7204,11039,28961,0.275975,0.31086142322097376,1.0,0.4742857142857142,1.1264115344541126,35511,,,,,b78197d0e0154f04b58826e9a7b7fe34af5bc43a11b28d5d99b921523e2917af
path_count_F_squarefree_ge_half,qa_orbit_family9,static_orbit_control,square_1_100,square_101_300,24,category_rate_threshold,2796,7204,11039,28961,0.275975,0.31086142322097376,1.0,0.4742857142857142,1.1264115344541126,35511,,,,,7c7db8465d34d6ad050feaa5e9f34761bdc145365319e43d379b257e6458c045
path_count_F_squarefree_ge_half,qa_orbit_id9,static_orbit_control,square_1_100,square_101_300,24,category_rate_threshold,2796,7204,11039,28961,0.275975,0.31086142322097376,1.0,0.4742857142857142,1.1264115344541126,35511,,,,,113ec8bcf51427e85f58a7601dc6b08d4f46b713592992a7689b66b313aef02a
path_count_F_squarefree_ge_half,path_family_sequence24,ordered_path,square_1_100,square_101_300,24,category_rate_threshold,2796,7204,11039,28961,0.275975,0.2803555555555556,1.0,0.43793390724798675,1.0158730158730158,39375,1.000985646610377,1.0142244985927633,0.4329046767885686,0.43737866001030146,8652eae8caa11c169dcbf84f7b05e996dc36c3d897c2df1754158ce3684e602d
path_count_F_squarefree_ge_half,qa_orbit_family24,static_orbit_control,square_1_100,square_101_300,24,category_rate_threshold,2796,7204,11039,28961,0.275975,0.2803555555555556,1.0,0.43793390724798675,1.0158730158730158,39375,,,,,0bde7ee3e4ebb76bb926b7e6c49b5eb850b2bf29568208617ac432b631d9e3b9
path_contains_G_square_and_h_integer,ordered_path9,ordered_path,square_1_100,square_101_300,24,category_rate_threshold,0,10000,0,40000,0.0,,,,,,,,,,bbb3263c2a93e72b2a857f3765f44683fc28989c27adee9e6f41626868291c9c
path_contains_G_square_and_h_integer,ordered_path24,ordered_path,square_1_100,square_101_300,24,category_rate_threshold,0,10000,0,40000,0.0,,,,,,,,,,c5ddcd7886458b95270dd1b04b549a14beefc96c9a5a6a0c0dbafbe562a5ac96
path_contains_G_square_and_h_integer,ordered_path9_24,ordered_path,square_1_100,square_101_300,24,category_rate_threshold,0,10000,0,40000,0.0,,,,,,,,,,e69ef706b1f3db8e519c90ae202834d6b5744f972ad0d137a865b102ac27a77d
path_contains_G_square_and_h_integer,path_family_sequence9,ordered_path,square_1_100,square_101_300,24,category_rate_threshold,0,10000,0,40000,0.0,,,,,,,,,,31f93416e9abb539b49b7378b6eaa9bc64d044d7a007195b962e8a2b60842c98
path_contains_G_square_and_h_integer,path_family_sequence24,ordered_path,square_1_100,square_101_300,24,category_rate_threshold,0,10000,0,40000,0.0,,,,,,,,,,4ebadfea7e53b9a1b96fc249725507731ec64514dd117e9b540a7953aa4a7393
path_contains_G_square_and_h_integer,unordered_path9,unordered_path_control,square_1_100,square_101_300,24,category_rate_threshold,0,10000,0,40000,0.0,,,,,,,,,,1a71a2c0223522266f58d7c4527805426ab0b07ffcab75eb8a9bbc2fb678f6e6
path_contains_G_square_and_h_integer,unordered_path24,unordered_path_control,square_1_100,square_101_300,24,category_rate_threshold,0,10000,0,40000,0.0,,,,,,,,,,442befd7729164453391f1cff3b505ed8f5152698c365ac074aea7ddc6b687fb
path_contains_G_square_and_h_integer,unordered_path9_24,unordered_path_control,square_1_100,square_101_300,24,category_rate_threshold,0,10000,0,40000,0.0,,,,,,,,,,f2b38320ffed3f4ccd466bd7fcf31a8e5f060e73f1ee3044f824275ea61fd3b7
path_contains_G_square_and_h_integer,shuffled_path9,shuffled_path_control,square_1_100,square_101_300,24,category_rate_threshold,0,10000,0,40000,0.0,,,,,,,,,,240d1b71526146f4170be66197e594684b5589db3c83a15be4446b6abd213e8d
path_contains_G_square_and_h_integer,shuffled_path24,shuffled_path_control,square_1_100,square_101_300,24,category_rate_threshold,0,10000,0,40000,0.0,,,,,,,,,,3cd27d1e37bb8027544c1d6b64d3ee197bbf1ac12d6f882afbdfdd99d1cdf4df
path_contains_G_square_and_h_integer,shuffled_path9_24,shuffled_path_control,square_1_100,square_101_300,24,category_rate_threshold,0,10000,0,40000,0.0,,,,,,,,,,7c9b4521a10ceb69c60e915aab4aa3864adb95fe9538b7ee6f86d5fd3ead0f34
path_contains_G_square_and_h_integer,be_pair9,current_cell_control,square_1_100,square_101_300,24,category_rate_threshold,0,10000,0,40000,0.0,,,,,,,,,,2bd5e8b00f2d644f1aacb5cce06752c137e6310b9a9a92df189c614c61208d72
path_contains_G_square_and_h_integer,be_pair24,current_cell_control,square_1_100,square_101_300,24,category_rate_threshold,0,10000,0,40000,0.0,,,,,,,,,,d5d87c07c3b3c2ed1a2c6fa91b16fd09a43608287729e01bf861f00b7b8af20f
path_contains_G_square_and_h_integer,be_pair9_24,current_cell_control,square_1_100,square_101_300,24,category_rate_threshold,0,10000,0,40000,0.0,,,,,,,,,,e03bac20d34177d78f55834ae0756286fbd4c9bbc6e9d088ebcdb6369bd835dc
path_contains_G_square_and_h_integer,current_factor_signature,factor_control,square_1_100,square_101_300,24,category_rate_threshold,0,10000,0,40000,0.0,,,,,,,,,,7d2f198c96f64306beaea515c432b264e86eedb9aff9f40bcfcfa06187967300
path_contains_G_square_and_h_integer,path_factor_signature,factor_control,square_1_100,square_101_300,24,category_rate_threshold,0,10000,0,40000,0.0,,,,,,,,,,34d38b76ea57538a0a005d11c22d63f0095495901c166d4ec137677deeea56ae
path_contains_G_square_and_h_integer,qa_orbit_family9,static_orbit_control,square_1_100,square_101_300,24,category_rate_threshold,0,10000,0,40000,0.0,,,,,,,,,,f4bbe4912ff77fc3544db3a9eceb0d20b3b4f7fb54b12b25b234fcebad6fa5d6
path_contains_G_square_and_h_integer,qa_orbit_id9,static_orbit_control,square_1_100,square_101_300,24,category_rate_threshold,0,10000,0,40000,0.0,,,,,,,,,,ffab7ff738703af0740b5e85aef5ad26edc345d8c13a45323a66b9907e57928c
path_contains_G_square_and_h_integer,qa_orbit_family24,static_orbit_control,square_1_100,square_101_300,24,category_rate_threshold,0,10000,0,40000,0.0,,,,,,,,,,1527b3299341478069220bf12e5b1c473db5693cc00b572d9aca5892e595c5af
path_contains_G_square_and_h_integer,qa_orbit_id24,static_orbit_control,square_1_100,square_101_300,24,category_rate_threshold,0,10000,0,40000,0.0,,,,,,,,,,a585906a8fd655b73a75a64faf44fd076469e4749c3a3c2c24b3f53742d2618a
path_contains_G_square_and_h_integer,orbit_period9_24,static_orbit_control,square_1_100,square_101_300,24,category_rate_threshold,0,10000,0,40000,0.0,,,,,,,,,,7519f36705bf509c233a2083b60d04c2dce9b7247c0ec69a917450dbf8923864
path_any_h_integer,current_factor_signature,factor_control,square_1_100,square_101_300,24,category_rate_threshold,489,9511,599,39401,0.014975,1.0,0.3572621035058431,0.5264452644526446,66.7779632721202,214,,,,,09d07fa82ada3a0343ac89532cd6c8bbdc3a651e5bf73119998e95af5dab4b9c
path_any_h_integer,path_factor_signature,factor_control,square_1_100,square_101_300,24,category_rate_threshold,489,9511,599,39401,0.014975,1.0,0.9766277128547579,0.9881756756756757,66.7779632721202,585,,,,,3a9ef7fda328d966ad68e96490521dc3b43137d1b13988ff4d2d29253ede75e0
path_any_h_integer,ordered_path9_24,ordered_path,square_1_100,square_101_300,24,category_rate_threshold,489,9511,599,39401,0.014975,0.11782826338082403,0.5108514190317195,0.19148936170212763,7.868331444462372,2597,0.8478340567173612,1.2667906311784318,0.02066234009862209,0.030798240100565682,03e6048111f66bc8a71aa146e6790a2859288d37e2c46cad24b12f042e7c7d1e
path_any_h_integer,shuffled_path9_24,shuffled_path_control,square_1_100,square_101_300,24,category_rate_threshold,489,9511,599,39401,0.014975,0.11782826338082403,0.5108514190317195,0.19148936170212763,7.868331444462372,2597,,,,,6bb9610881065c1f5da97dc6c3b96a884d93cb9833188fd104b6382e690413f6
path_any_h_integer,be_pair9_24,current_cell_control,square_1_100,square_101_300,24,category_rate_threshold,489,9511,599,39401,0.014975,0.11782826338082403,0.5108514190317195,0.19148936170212763,7.868331444462372,2597,,,,,709873173c826fab42a62c8b1bab10639d46ea99feb776ee7bd9e115dc0b87da
path_any_h_integer,path_family_sequence24,ordered_path,square_1_100,square_101_300,24,category_rate_threshold,489,9511,599,39401,0.014975,0.088,0.09181969949916527,0.08986928104575162,5.876460767946577,625,0.9667915712203633,1.0,0.028525539823933105,0.02950811596344738,7e5715c64da4e60f782927d8422515364263b7d18e2671bf772828df06f08678
path_any_h_integer,qa_orbit_family24,static_orbit_control,square_1_100,square_101_300,24,category_rate_threshold,489,9511,599,39401,0.014975,0.088,0.09181969949916527,0.08986928104575162,5.876460767946577,625,,,,,cd604fc8f8b59161dda5bcf27b51175d76abf77b04b468cbbdcef70d1aea4004
path_any_h_integer,ordered_path24,ordered_path,square_1_100,square_101_300,24,category_rate_threshold,489,9511,599,39401,0.014975,0.07347474305707413,0.5609348914858097,0.12993039443155455,4.906493693293765,4573,1.036779230128644,1.349273189665231,0.028268933467929552,0.03676359801114962,2966fa1a3195bfbf1d590e9024e7ad6215c608ee3c4a0b22c524a3b5147bf99c
path_any_h_integer,shuffled_path24,shuffled_path_control,square_1_100,square_101_300,24,category_rate_threshold,489,9511,599,39401,0.014975,0.07347474305707413,0.5609348914858097,0.12993039443155455,4.906493693293765,4573,,,,,2d533d2b7f3fcff63ddcc19eaa3bd00d89db885925c47930efe06da3cdd0a7b4
path_any_h_integer,be_pair24,current_cell_control,square_1_100,square_101_300,24,category_rate_threshold,489,9511,599,39401,0.014975,0.07347474305707413,0.5609348914858097,0.12993039443155455,4.906493693293765,4573,,,,,cc7074553f46836ae25d83bcbbe7cc62555859d2ba0ff1d23d65f0b42f8f7def
path_any_h_integer,orbit_period9_24,static_orbit_control,square_1_100,square_101_300,24,category_rate_threshold,489,9511,599,39401,0.014975,0.07019230769230769,0.24373956594323873,0.10899589399029488,4.687299345062283,2080,,,,,cd03ee41c5ba9ca73d530567986e84f55a67f64e2a874dd7f317d3ddaf5474e9
path_any_h_integer,unordered_path24,unordered_path_control,square_1_100,square_101_300,24,category_rate_threshold,489,9511,599,39401,0.014975,0.05258985200845666,0.332220367278798,0.09080538443988134,3.5118432059069553,3784,,,,,5a7e62a4dd9700aed7ec1bdb89815ffeab713fbce4b62df18498b8b90b8ace81
path_any_h_integer,qa_orbit_id24,static_orbit_control,square_1_100,square_101_300,24,category_rate_threshold,489,9511,599,39401,0.014975,0.05258985200845666,0.332220367278798,0.09080538443988134,3.5118432059069553,3784,,,,,f7b5c786aca0f2fe17fe225769cf327211d63ba877754320c11add50cc464df9
path_any_h_integer,unordered_path9_24,unordered_path_control,square_1_100,square_101_300,24,category_rate_threshold,489,9511,599,39401,0.014975,0.05084745762711865,0.38564273789649417,0.0898483080513419,3.395489657904417,4543,,,,,bcee4170d89716963050b778fc403ed8e87be873784cd832fee54bb512951974
path_any_h_integer,ordered_path9,ordered_path,square_1_100,square_101_300,24,category_rate_threshold,489,9511,599,39401,0.014975,0.050581915846016116,0.3772954924874791,0.08920465758831655,3.377757318598739,4468,0.9598255082725139,1.3845510726276915,0.026999316779539748,0.03937736642827093,3dceea91f4bf176621853486c38fec41e291993f0890d7cd251293cc4e11da90
path_any_h_integer,shuffled_path9,shuffled_path_control,square_1_100,square_101_300,24,category_rate_threshold,489,9511,599,39401,0.014975,0.050581915846016116,0.3772954924874791,0.08920465758831655,3.377757318598739,4468,,,,,15853274b3fe9228eba392b970c3ef2c068dd17c6b0a4d7cbe70a9a58bc06f04
path_any_h_integer,be_pair9,current_cell_control,square_1_100,square_101_300,24,category_rate_threshold,489,9511,599,39401,0.014975,0.050581915846016116,0.3772954924874791,0.08920465758831655,3.377757318598739,4468,,,,,d8aa38ceff55f2d16e75c6c70eb2487e90588892a939fb1bbcc0761f4998e85f
path_any_h_integer,path_family_sequence9,ordered_path,square_1_100,square_101_300,24,category_rate_threshold,489,9511,599,39401,0.014975,0.03920695032301181,0.2938230383973289,0.06918238993710693,2.6181602886819237,4489,0.9161744061923973,1.0,0.027015452441823178,0.02950811596344738,f2da1a120cdc40d2480d8f752f555a87364cc2b1932d9b1293400aaeb467e094
path_any_h_integer,unordered_path9,unordered_path_control,square_1_100,square_101_300,24,category_rate_threshold,489,9511,599,39401,0.014975,0.03920695032301181,0.2938230383973289,0.06918238993710693,2.6181602886819237,4489,,,,,a0d38477090b28610700c9e3dfaa83f5efe2161be00cbeb133e993cd9ba546f9
path_any_h_integer,qa_orbit_family9,static_orbit_control,square_1_100,square_101_300,24,category_rate_threshold,489,9511,599,39401,0.014975,0.03920695032301181,0.2938230383973289,0.06918238993710693,2.6181602886819237,4489,,,,,29704ceb98a1ca6705311e88add4a841cb903540d45691d4e399bb78f4313ec7
path_any_h_integer,qa_orbit_id9,static_orbit_control,square_1_100,square_101_300,24,category_rate_threshold,489,9511,599,39401,0.014975,0.03920695032301181,0.2938230383973289,0.06918238993710693,2.6181602886819237,4489,,,,,0d02dd88a025eb13c43f86fa28c0eaa058f0a10c5ab13d4b9ab95c011be2ba26
path_any_X_semiprime,path_factor_signature,factor_control,square_1_100,square_101_300,24,category_rate_threshold,3093,6907,8922,31078,0.22305,1.0,0.984196368527236,0.9920352482630062,4.483299708585519,8781,,,,,27c2fd6fc5522a3493f61e6edcccecc85b505729acdaf4b711c4520087262435
path_any_X_semiprime,current_factor_signature,factor_control,square_1_100,square_101_300,24,category_rate_threshold,3093,6907,8922,31078,0.22305,0.3969340956210341,0.7081371889710827,0.5087161318893676,1.7795745152254387,15917,,,,,f1682760a2da04c0e17abfdfdc50ff9509048437ad4ad5ce93a74179c058e2cb
path_any_X_semiprime,ordered_path24,ordered_path,square_1_100,square_101_300,24,category_rate_threshold,3093,6907,8922,31078,0.22305,0.3498517172103702,0.8197713517148622,0.49041169371060755,1.5684901018173962,20906,0.99844482926854,1.058286319682028,0.327020250907962,0.3593245227606461,63636484889d956ad3312c931153499b370a75bcb1f24aaf6f664bcbdef2b18a
path_any_X_semiprime,shuffled_path24,shuffled_path_control,square_1_100,square_101_300,24,category_rate_threshold,3093,6907,8922,31078,0.22305,0.3498517172103702,0.8197713517148622,0.49041169371060755,1.5684901018173962,20906,,,,,dec63b0e7153043c7f71344f87a5f64d8081fca3c599c82c084b7345315c2be6
path_any_X_semiprime,be_pair24,current_cell_control,square_1_100,square_101_300,24,category_rate_threshold,3093,6907,8922,31078,0.22305,0.3498517172103702,0.8197713517148622,0.49041169371060755,1.5684901018173962,20906,,,,,5ba5b5242364fe313f50be7775764a6581c009d8f3cb6b6f0535cfef40fa2f3e
path_any_X_semiprime,ordered_path9_24,ordered_path,square_1_100,square_101_300,24,category_rate_threshold,3093,6907,8922,31078,0.22305,0.3458632294113912,0.6105133378166331,0.4415710753516275,1.5506085156305367,15749,0.996778421798297,1.0475428157146538,0.2882021590377517,0.30401065329782234,8c021e841c7930e8e5e7030a5cab8003111bd3c646147cf20f1905b0eb810657
path_any_X_semiprime,shuffled_path9_24,shuffled_path_control,square_1_100,square_101_300,24,category_rate_threshold,3093,6907,8922,31078,0.22305,0.3458632294113912,0.6105133378166331,0.4415710753516275,1.5506085156305367,15749,,,,,85491e34104ac1d5adcc7b6d72495beed2cec80a1760ef53488895bf187a57ba
path_any_X_semiprime,be_pair9_24,current_cell_control,square_1_100,square_101_300,24,category_rate_threshold,3093,6907,8922,31078,0.22305,0.3458632294113912,0.6105133378166331,0.4415710753516275,1.5506085156305367,15749,,,,,040f2a1965dc4aff01a4f7007d94400855791fd031d2cde83a1568f911aa7842
path_any_X_semiprime,unordered_path24,unordered_path_control,square_1_100,square_101_300,24,category_rate_threshold,3093,6907,8922,31078,0.22305,0.3345708178647767,1.0,0.5013908792042485,1.4999812502343721,26667,,,,,4c37582e69e0f2fd02ea5fa8c4f666d18d04618f0165bb23830ac5bc8340f86f
path_any_X_semiprime,qa_orbit_id24,static_orbit_control,square_1_100,square_101_300,24,category_rate_threshold,3093,6907,8922,31078,0.22305,0.3345708178647767,1.0,0.5013908792042485,1.4999812502343721,26667,,,,,f72301a3e123f2a676de7fa31a3867886e4652a55d4c0764fadc608d7be67b49
path_any_X_semiprime,unordered_path9_24,unordered_path_control,square_1_100,square_101_300,24,category_rate_threshold,3093,6907,8922,31078,0.22305,0.3340856924254017,0.9788164088769334,0.49814614112144207,1.4978062874933948,26140,,,,,5b273678a735f0e3a2541507eb2fee997b68b75b52fd1818f543789daa5e04cf
path_any_X_semiprime,orbit_period9_24,static_orbit_control,square_1_100,square_101_300,24,category_rate_threshold,3093,6907,8922,31078,0.22305,0.25527896995708155,1.0,0.4067286652078775,1.1444921316165952,34950,,,,,66662891a0bae88202434dcba87f3941d3d8e3257067a12f20f3111ef7391670
path_any_X_semiprime,ordered_path9,ordered_path,square_1_100,square_101_300,24,category_rate_threshold,3093,6907,8922,31078,0.22305,0.2517442028775729,0.9746693566464918,0.4001380421028414,1.1286447113991163,34543,1.0020626514556599,1.0248001639680262,0.36304507622986903,0.37210660216040375,99265ce5c4fc1b673b1c1d5094e350da5149e28b2b1af8d68fa139336cca72e8
path_any_X_semiprime,shuffled_path9,shuffled_path_control,square_1_100,square_101_300,24,category_rate_threshold,3093,6907,8922,31078,0.22305,0.2517442028775729,0.9746693566464918,0.4001380421028414,1.1286447113991163,34543,,,,,149bc33e54ec365f28c647afa0091e589fd94418b177000ac2da23ecc2467a4c
path_any_X_semiprime,be_pair9,current_cell_control,square_1_100,square_101_300,24,category_rate_threshold,3093,6907,8922,31078,0.22305,0.2517442028775729,0.9746693566464918,0.4001380421028414,1.1286447113991163,34543,,,,,7c2016cd69fd8148882a035ee92eb7677c28ab41317a84f2e95c461a2e4514fa
path_any_X_semiprime,path_family_sequence9,ordered_path,square_1_100,square_101_300,24,category_rate_threshold,3093,6907,8922,31078,0.22305,0.2512460927599899,1.0,0.40159341030315304,1.1264115344541128,35511,1.0004899281303776,1.0122482032594393,0.3648896611032967,0.36838845534497705,fbba4542361aebd031b838fffc44eff010c96882423842cf477e6dd453cc0822
path_any_X_semiprime,unordered_path9,unordered_path_control,square_1_100,square_101_300,24,category_rate_threshold,3093,6907,8922,31078,0.22305,0.2512460927599899,1.0,0.40159341030315304,1.1264115344541128,35511,,,,,f19853786ced510edc005045957368e8987f89973d3101869044eb68a9379d04
path_any_X_semiprime,qa_orbit_family9,static_orbit_control,square_1_100,square_101_300,24,category_rate_threshold,3093,6907,8922,31078,0.22305,0.2512460927599899,1.0,0.40159341030315304,1.1264115344541128,35511,,,,,d2175262f406e74c4ab9057a81fc7ef1bf6a58f712465cd5c4446270ef01c486
path_any_X_semiprime,qa_orbit_id9,static_orbit_control,square_1_100,square_101_300,24,category_rate_threshold,3093,6907,8922,31078,0.22305,0.2512460927599899,1.0,0.40159341030315304,1.1264115344541128,35511,,,,,f086cf2fd02c5568ec1fcee721a784ef17a6557190a92f5da4bcaf09c5af3df0
path_any_X_semiprime,path_family_sequence24,ordered_path,square_1_100,square_101_300,24,category_rate_threshold,3093,6907,8922,31078,0.22305,0.2265904761904762,1.0,0.36946394185974285,1.015873015873016,39375,1.0004807692307691,1.001602564102564,0.36488721344027913,0.365221662777846,e0e930bb89f9838c3b0414bad59d9c1199eb3bf4dcf6f25c1b143cccb5e40ea1
path_any_X_semiprime,qa_orbit_family24,static_orbit_control,square_1_100,square_101_300,24,category_rate_threshold,3093,6907,8922,31078,0.22305,0.2265904761904762,1.0,0.36946394185974285,1.015873015873016,39375,,,,,f003924551cecae7a815e808de79ced88ed20df65ce613915bacdc557ef90651
path_any_G_square,path_factor_signature,factor_control,square_1_100,square_101_300,24,category_rate_threshold,316,9684,302,39698,0.00755,1.0,0.9470198675496688,0.9727891156462585,132.4503311258278,286,,,,,32ff1eeed46dc97f99a5eaf3263aeb53ae9f68524a4d42443d0ead2fc7ba43c8
path_any_G_square,current_factor_signature,factor_control,square_1_100,square_101_300,24,category_rate_threshold,316,9684,302,39698,0.00755,0.7586206896551724,0.36423841059602646,0.4921700223713646,100.47956154373144,145,,,,,934a1a736f4e28c8cf9544ff9633d8a276c7dbe449a7c48036074130331641df
path_any_G_square,path_family_sequence24,ordered_path,square_1_100,square_101_300,24,category_rate_threshold,316,9684,302,39698,0.00755,0.0368,0.076158940397351,0.04962243797195254,4.874172185430464,625,0.9678295075591922,1.0,0.01450392919214204,0.014986849287876533,06b1f6ddac04ef26eeec6cc1689dd3147e832e5e279a95574c767739b7faf0a5
path_any_G_square,qa_orbit_family24,static_orbit_control,square_1_100,square_101_300,24,category_rate_threshold,316,9684,302,39698,0.00755,0.0368,0.076158940397351,0.04962243797195254,4.874172185430464,625,,,,,cad93a048c785b6bfb273c1287d85bf60ddf9922e54debf6a4bb7ea812b4a97e
path_any_G_square,ordered_path24,ordered_path,square_1_100,square_101_300,24,category_rate_threshold,316,9684,302,39698,0.00755,0.030070754716981132,0.33774834437086093,0.055224688684353006,3.9828814194676996,3392,1.0146651865657832,1.8475515164256886,0.01420793720240304,0.02600896860986547,0adba86ca257f7fea0527e30dc710668329483490253a9c185e19dbe61454723
path_any_G_square,shuffled_path24,shuffled_path_control,square_1_100,square_101_300,24,category_rate_threshold,316,9684,302,39698,0.00755,0.030070754716981132,0.33774834437086093,0.055224688684353006,3.9828814194676996,3392,,,,,f4f9bd19130f709b0c5b0ed9640d1552a369597c599ecb3a4bd847ceff5d12cd
path_any_G_square,be_pair24,current_cell_control,square_1_100,square_101_300,24,category_rate_threshold,316,9684,302,39698,0.00755,0.030070754716981132,0.33774834437086093,0.055224688684353006,3.9828814194676996,3392,,,,,bb0235a1911021e0f62292893b0280a4a1aed989d0f36365969e33aad8908dac
path_any_G_square,orbit_period9_24,static_orbit_control,square_1_100,square_101_300,24,category_rate_threshold,316,9684,302,39698,0.00755,0.0294543698696282,0.20198675496688742,0.05141171512852929,3.9012410423348607,2071,,,,,f02e70f7ef16ccdfbf2c4ab73e7354e714f784eaea4e72f93fb3a50f8334877e
path_any_G_square,ordered_path9,ordered_path,square_1_100,square_101_300,24,category_rate_threshold,316,9684,302,39698,0.00755,0.025,0.32781456953642385,0.04645706241201314,3.3112582781456954,3960,0.9001002382415471,1.4299182120036644,0.012967127598142914,0.020803096274794385,0a1304cee66552e108084cdbf3e26fc1d032d306cb07cd256d5ed9044fca33a6
path_any_G_square,shuffled_path9,shuffled_path_control,square_1_100,square_101_300,24,category_rate_threshold,316,9684,302,39698,0.00755,0.025,0.32781456953642385,0.04645706241201314,3.3112582781456954,3960,,,,,0178e401e014c7217f89cb6bc81cec199d95012d348840affc3d2b8695733b00
path_any_G_square,be_pair9,current_cell_control,square_1_100,square_101_300,24,category_rate_threshold,316,9684,302,39698,0.00755,0.025,0.32781456953642385,0.04645706241201314,3.3112582781456954,3960,,,,,2045dfd1e82915152b31149d09fc4bc3bdd6b5f7b296b79cd8f4069bac183cae
path_any_G_square,unordered_path9_24,unordered_path_control,square_1_100,square_101_300,24,category_rate_threshold,316,9684,302,39698,0.00755,0.024112231477422183,0.18211920529801323,0.04258614014711575,3.1936730433671765,2281,,,,,03a6f9a6376075a40644a84333cdc9d3d70ac6a6ddac696b9bcf8fb21f0553d7
path_any_G_square,unordered_path24,unordered_path_control,square_1_100,square_101_300,24,category_rate_threshold,316,9684,302,39698,0.00755,0.024004683840749413,0.271523178807947,0.04410973641742872,3.179428323278068,3416,,,,,aa092440906027dd013a973fefe64c39fa972661bbbe3d5bb6c13d3df8578733
path_any_G_square,qa_orbit_id24,static_orbit_control,square_1_100,square_101_300,24,category_rate_threshold,316,9684,302,39698,0.00755,0.024004683840749413,0.271523178807947,0.04410973641742872,3.179428323278068,3416,,,,,d026a84cc4e2f83aac42bbfc466980b1c8110dabcdac5bbde7ce2d89321c06b0
path_any_G_square,ordered_path9_24,ordered_path,square_1_100,square_101_300,24,category_rate_threshold,316,9684,302,39698,0.00755,0.02350570852921424,0.11589403973509933,0.039084310441094366,3.113338878041621,1489,0.9795459192280971,1.6448592274644493,0.012543981911668228,0.02107375815353738,499a323ed95f7f25d75925d7d807da1d8361ad7b947fe5a8e6cd16394da6ba85
path_any_G_square,shuffled_path9_24,shuffled_path_control,square_1_100,square_101_300,24,category_rate_threshold,316,9684,302,39698,0.00755,0.02350570852921424,0.11589403973509933,0.039084310441094366,3.113338878041621,1489,,,,,6b247c0f4fe220ada81e581becdfbc731f455245fcbdbcd5cf41bd251e273a63
path_any_G_square,be_pair9_24,current_cell_control,square_1_100,square_101_300,24,category_rate_threshold,316,9684,302,39698,0.00755,0.02350570852921424,0.11589403973509933,0.039084310441094366,3.113338878041621,1489,,,,,ba92ce20a9cb48a4a659b8dbd7d21e0d648a77380939e8adddf82de0e90d3a94
path_any_G_square,path_family_sequence9,ordered_path,square_1_100,square_101_300,24,category_rate_threshold,316,9684,302,39698,0.00755,0.01893517487190911,0.2814569536423841,0.035483197662283444,2.507970181709816,4489,1.1494924921862142,2.507970181709816,0.016890337655994177,0.035483197662283444,de1acbfe0498a4a911b86abcf6e9afe15d7b7497ca5d7446cea65c1ceec67752
path_any_G_square,unordered_path9,unordered_path_control,square_1_100,square_101_300,24,category_rate_threshold,316,9684,302,39698,0.00755,0.01893517487190911,0.2814569536423841,0.035483197662283444,2.507970181709816,4489,,,,,583ac1b011f3eb81f6883827c7ee98d8b0a2101e2f32b366d368a14d9b3ae3ce
path_any_G_square,qa_orbit_family9,static_orbit_control,square_1_100,square_101_300,24,category_rate_threshold,316,9684,302,39698,0.00755,0.01893517487190911,0.2814569536423841,0.035483197662283444,2.507970181709816,4489,,,,,596dce01627a25330be8e358a12a5a85d55bc15e3b36d915cad55c2cf0f44e1d
path_any_G_square,qa_orbit_id9,static_orbit_control,square_1_100,square_101_300,24,category_rate_threshold,316,9684,302,39698,0.00755,0.01893517487190911,0.2814569536423841,0.035483197662283444,2.507970181709816,4489,,,,,9286a5bfe382e963c1871e132b2d9522a2e4f3ccaa95cc98e74597d3daf9e427
path_any_F_semiprime,path_factor_signature,factor_control,square_1_100,square_101_300,24,category_rate_threshold,4406,5594,13800,26200,0.345,1.0,0.9871739130434782,0.9935455639426758,2.8985507246376816,13623,,,,,2d902786e32f47e304eeaf92c25b37f5fb233b4f22b6a0280150090f11888229
path_any_F_semiprime,current_factor_signature,factor_control,square_1_100,square_101_300,24,category_rate_threshold,4406,5594,13800,26200,0.345,0.5815271063984615,0.8107246376811594,0.677260207633403,1.6855858156477146,19239,,,,,a5af1ce0f31dc74b3107e7b3ffb3efecbdac1133e2feebc609eafeb09cb446e9
path_any_F_semiprime,ordered_path24,ordered_path,square_1_100,square_101_300,24,category_rate_threshold,4406,5594,13800,26200,0.345,0.5186617157294339,0.9818115942028985,0.6787566064674498,1.5033672919693737,26123,1.0012423903250882,1.029068351103751,0.4973128274136108,0.5106434938336928,908983f39438cf9f1f547a89905a5dfda0cc37b1b140c059b4eabfb8364bc724
path_any_F_semiprime,shuffled_path24,shuffled_path_control,square_1_100,square_101_300,24,category_rate_threshold,4406,5594,13800,26200,0.345,0.5186617157294339,0.9818115942028985,0.6787566064674498,1.5033672919693737,26123,,,,,e8497d7b619d42548439686c695bcf5fce43581f8dfdf502383eb893e50ac90f
path_any_F_semiprime,be_pair24,current_cell_control,square_1_100,square_101_300,24,category_rate_threshold,4406,5594,13800,26200,0.345,0.5186617157294339,0.9818115942028985,0.6787566064674498,1.5033672919693737,26123,,,,,b56793a7b854439f6cc57c2d72c894fbe84d976901817e9db333006b54f32ce9
path_any_F_semiprime,ordered_path9_24,ordered_path,square_1_100,square_101_300,24,category_rate_threshold,4406,5594,13800,26200,0.345,0.5180654067691722,0.7886231884057971,0.625333984543339,1.5016388602004993,21007,0.9974687512598579,1.0202959237471032,0.4284153365050495,0.4394706747263519,f9d75b24d398d0cdca72205ba8fe2b7e62bce2c24be5561c67f693f59f4e1552
path_any_F_semiprime,shuffled_path9_24,shuffled_path_control,square_1_100,square_101_300,24,category_rate_threshold,4406,5594,13800,26200,0.345,0.5180654067691722,0.7886231884057971,0.625333984543339,1.5016388602004993,21007,,,,,220548b5619c18656805f8b86010ea603d1f2145e172cf13f4248cb12560a679
path_any_F_semiprime,be_pair9_24,current_cell_control,square_1_100,square_101_300,24,category_rate_threshold,4406,5594,13800,26200,0.345,0.5180654067691722,0.7886231884057971,0.625333984543339,1.5016388602004993,21007,,,,,aea3f396cd3901a67660ee6ed5c654b3d24513691650b219a4040b3abd989ead
path_any_F_semiprime,unordered_path24,unordered_path_control,square_1_100,square_101_300,24,category_rate_threshold,4406,5594,13800,26200,0.345,0.5174935313308584,1.0,0.6820372155089333,1.4999812502343723,26667,,,,,9515d20c26506cb06075041a30b040f244fd87c13951da59ca45eef99a871e06
path_any_F_semiprime,unordered_path9_24,unordered_path_control,square_1_100,square_101_300,24,category_rate_threshold,4406,5594,13800,26200,0.345,0.5174935313308584,1.0,0.6820372155089333,1.4999812502343723,26667,,,,,5d633594541390c0d893c79ea8dbb6e5ae772a77e53706fd24c2bc3278206253
path_any_F_semiprime,qa_orbit_id24,static_orbit_control,square_1_100,square_101_300,24,category_rate_threshold,4406,5594,13800,26200,0.345,0.5174935313308584,1.0,0.6820372155089333,1.4999812502343723,26667,,,,,dfd7df25d60724796ade088b6d9f3db5c74fe7a1167ae55356c413a235c66bf8
path_any_F_semiprime,orbit_period9_24,static_orbit_control,square_1_100,square_101_300,24,category_rate_threshold,4406,5594,13800,26200,0.345,0.3948497854077253,1.0,0.5661538461538461,1.1444921316165952,34950,,,,,5a580e2ac6694a947ef370988c147c317d1f8cb6003ac928ffbbd9cb466ac634
path_any_F_semiprime,ordered_path9,ordered_path,square_1_100,square_101_300,24,category_rate_threshold,4406,5594,13800,26200,0.345,0.3886119793866689,1.0,0.5597128429762122,1.1264115344541128,35511,0.9997909909446229,1.0,0.5127055053364801,0.5130111524163569,aee4adb57d52b2d4e7ca41e940777efaae36182d524b7259a6e37ae194fc8a41
path_any_F_semiprime,path_family_sequence9,ordered_path,square_1_100,square_101_300,24,category_rate_threshold,4406,5594,13800,26200,0.345,0.3886119793866689,1.0,0.5597128429762122,1.1264115344541128,35511,1.0,1.0,0.5130111524163569,0.5130111524163569,08f39244ddcb31665a7a30772fb8993750c5821a550c06f808a494315229c21e
path_any_F_semiprime,unordered_path9,unordered_path_control,square_1_100,square_101_300,24,category_rate_threshold,4406,5594,13800,26200,0.345,0.3886119793866689,1.0,0.5597128429762122,1.1264115344541128,35511,,,,,8b3fdb0128d2dee353a064cfc3184f20aad4339c259ea88ce533aa290aaac7da
path_any_F_semiprime,shuffled_path9,shuffled_path_control,square_1_100,square_101_300,24,category_rate_threshold,4406,5594,13800,26200,0.345,0.3886119793866689,1.0,0.5597128429762122,1.1264115344541128,35511,,,,,9adab642ed250675d081efa34494419cee31d51e69e7f53d2f55c64b7d50b09d
path_any_F_semiprime,be_pair9,current_cell_control,square_1_100,square_101_300,24,category_rate_threshold,4406,5594,13800,26200,0.345,0.3886119793866689,1.0,0.5597128429762122,1.1264115344541128,35511,,,,,1c1ea0854e91b0d24f2a69b5f0d5732be619b25cfe892a7772e89b274599a2d8
path_any_F_semiprime,qa_orbit_family9,static_orbit_control,square_1_100,square_101_300,24,category_rate_threshold,4406,5594,13800,26200,0.345,0.3886119793866689,1.0,0.5597128429762122,1.1264115344541128,35511,,,,,3679b79ff30dcf25bada000110bfcdd35e60f0cfa9cfdb7f746660d1fd4f902d
path_any_F_semiprime,qa_orbit_id9,static_orbit_control,square_1_100,square_101_300,24,category_rate_threshold,4406,5594,13800,26200,0.345,0.3886119793866689,1.0,0.5597128429762122,1.1264115344541128,35511,,,,,a568547b005ff38460ff28356699f867dda74d191a5e5b370a9e1a2f173545c3
path_any_F_semiprime,path_family_sequence24,ordered_path,square_1_100,square_101_300,24,category_rate_threshold,4406,5594,13800,26200,0.345,0.3504761904761905,1.0,0.5190409026798308,1.015873015873016,39375,1.000096153846154,1.0016025641025643,0.5130478124361811,0.513622152746762,5e72eef25c49fc03a851e015ad83150db7b44868f44cf4e4e436ad73d61135fb
path_any_F_semiprime,qa_orbit_family24,static_orbit_control,square_1_100,square_101_300,24,category_rate_threshold,4406,5594,13800,26200,0.345,0.3504761904761905,1.0,0.5190409026798308,1.015873015873016,39375,,,,,966f2d2732e6b2813d1fc0363874e4e27cfc8fc5a6510650a3996ff21e4b6048
path_any_DplusF_square,path_factor_signature,factor_control,square_1_100,square_101_300,24,category_rate_threshold,265,9735,253,39747,0.006325,1.0,0.932806324110672,0.9652351738241309,158.10276679841897,236,,,,,2653c504b6c3bc614f1ac63ad558d24061cf2c3c343c08f615be7bee368ac9ef
path_any_DplusF_square,current_factor_signature,factor_control,square_1_100,square_101_300,24,category_rate_threshold,265,9735,253,39747,0.006325,0.6590909090909091,0.45849802371541504,0.5407925407925408,104.20409629895795,176,,,,,78c41a1122348fe0b248908f3de7ddb73f433e85b666b30d52b2f10bde7b9f09
path_any_DplusF_square,path_family_sequence24,ordered_path,square_1_100,square_101_300,24,category_rate_threshold,265,9735,253,39747,0.006325,0.0336,0.08300395256916997,0.04783599088838269,5.312252964426877,625,0.9618279925680898,1.0,0.012090035505332785,0.012570491640374631,f2d7901bf2e99f4d429fcd973257411776c5d442ca6ad3e688dabc24417c1655
path_any_DplusF_square,qa_orbit_family24,static_orbit_control,square_1_100,square_101_300,24,category_rate_threshold,265,9735,253,39747,0.006325,0.0336,0.08300395256916997,0.04783599088838269,5.312252964426877,625,,,,,52bdd6653d3f5e24964abfc846d7ea816635080cae0b8f6f6939bff11ada7595
path_any_DplusF_square,orbit_period9_24,static_orbit_control,square_1_100,square_101_300,24,category_rate_threshold,265,9735,253,39747,0.006325,0.03169572107765452,0.15810276679841898,0.052805280528052806,5.0111811980481455,1262,,,,,c9c4d2d966f590daf6296acea5380bf9a64ef8f9cf967fa6e73295b1bcdaf28d
path_any_DplusF_square,unordered_path24,unordered_path_control,square_1_100,square_101_300,24,category_rate_threshold,265,9735,253,39747,0.006325,0.02599243856332703,0.21739130434782608,0.04643309413254538,4.1094764526999255,2116,,,,,d9d4ba95bba09babc3a9419fc43bd9b3f594b4c2ee815ae2771cdae5a9ea4a83
path_any_DplusF_square,qa_orbit_id24,static_orbit_control,square_1_100,square_101_300,24,category_rate_threshold,265,9735,253,39747,0.006325,0.02599243856332703,0.21739130434782608,0.04643309413254538,4.1094764526999255,2116,,,,,db246ae2b448f8b5fe6659a242b3b1a9e1c13df29a61beffff4f512b74bb571e
path_any_DplusF_square,unordered_path9_24,unordered_path_control,square_1_100,square_101_300,24,category_rate_threshold,265,9735,253,39747,0.006325,0.02556077203964528,0.19367588932806323,0.04516129032258065,4.041228780971585,1917,,,,,54a9cde291c6ff3de4ecdc97d8732addf79a02d6264612918c0af03ce3621179
path_any_DplusF_square,ordered_path24,ordered_path,square_1_100,square_101_300,24,category_rate_threshold,265,9735,253,39747,0.006325,0.021493820526598602,0.31620553359683795,0.04025157232704402,3.3982324943238895,3722,1.0032782958957822,1.6392492803554344,0.011674258549578813,0.01901639344262295,eed359e89fdf60f8936f5dea36ac3c3639c2615b9f51141340478b5d7a129832
path_any_DplusF_square,shuffled_path24,shuffled_path_control,square_1_100,square_101_300,24,category_rate_threshold,265,9735,253,39747,0.006325,0.021493820526598602,0.31620553359683795,0.04025157232704402,3.3982324943238895,3722,,,,,1ab89ddf58c73530b5bc5e868f63ba63acf26cd1a262372dddf181b988855937
path_any_DplusF_square,be_pair24,current_cell_control,square_1_100,square_101_300,24,category_rate_threshold,265,9735,253,39747,0.006325,0.021493820526598602,0.31620553359683795,0.04025157232704402,3.3982324943238895,3722,,,,,2dcd42717b331fefeacda93419d70339578e7d4cbc8344669e01b313208f7383
path_any_DplusF_square,ordered_path9,ordered_path,square_1_100,square_101_300,24,category_rate_threshold,265,9735,253,39747,0.006325,0.016739736946990835,0.16600790513833993,0.03041274438812455,2.6465987267969697,2509,0.9830515932483935,1.8975561898686648,0.01185427207915404,0.02254737347085632,74ec548406058435f677485e92bafe3dfad5e34714c2dd66f4b8e3d1ade8fe87
path_any_DplusF_square,shuffled_path9,shuffled_path_control,square_1_100,square_101_300,24,category_rate_threshold,265,9735,253,39747,0.006325,0.016739736946990835,0.16600790513833993,0.03041274438812455,2.6465987267969697,2509,,,,,cf5fb72072df77d7c98b8b80be797ea4052b46926a0d6f6acd7e0e3809a6983a
path_any_DplusF_square,be_pair9,current_cell_control,square_1_100,square_101_300,24,category_rate_threshold,265,9735,253,39747,0.006325,0.016739736946990835,0.16600790513833993,0.03041274438812455,2.6465987267969697,2509,,,,,161ed186c493be30d61813d355e7068aaec62032bd0f09c7bafa6b60fff13958
path_any_DplusF_square,path_family_sequence9,ordered_path,square_1_100,square_101_300,24,category_rate_threshold,265,9735,253,39747,0.006325,0.01559367342392515,0.2766798418972332,0.029523407844791228,2.4654029128735417,4489,1.0733563985550614,2.4654029128735417,0.013287507073257696,0.029523407844791228,eaf04c1820e6258a5f9d72d8f2ba8874f31043289ba68cfe047e437ea991df98
path_any_DplusF_square,unordered_path9,unordered_path_control,square_1_100,square_101_300,24,category_rate_threshold,265,9735,253,39747,0.006325,0.01559367342392515,0.2766798418972332,0.029523407844791228,2.4654029128735417,4489,,,,,808e4fa5f5bac88076938cb3a543c709cdc5e1a53fc3b07042ed4c084d65331b
path_any_DplusF_square,qa_orbit_family9,static_orbit_control,square_1_100,square_101_300,24,category_rate_threshold,265,9735,253,39747,0.006325,0.01559367342392515,0.2766798418972332,0.029523407844791228,2.4654029128735417,4489,,,,,e800544eadb2a96f255fbbef2b74c776d42694a4638c848a7630581d35b0699e
path_any_DplusF_square,qa_orbit_id9,static_orbit_control,square_1_100,square_101_300,24,category_rate_threshold,265,9735,253,39747,0.006325,0.01559367342392515,0.2766798418972332,0.029523407844791228,2.4654029128735417,4489,,,,,cc43d892583886c8e13bbdfbd6ccf3170b4c8789627da1aa4ffac0d75e468bc1
path_any_DplusF_square,ordered_path9_24,ordered_path,square_1_100,square_101_300,24,category_rate_threshold,265,9735,253,39747,0.006325,0.011475409836065573,0.05533596837944664,0.019008825526137134,1.8142940452277587,1220,0.9530012961555956,1.903578463124777,0.010226984391553937,0.020594965675057208,e38ed3add3146858ba48a53a7d89047170d2b8dd67b95989787abca8e47daae3
path_any_DplusF_square,shuffled_path9_24,shuffled_path_control,square_1_100,square_101_300,24,category_rate_threshold,265,9735,253,39747,0.006325,0.011475409836065573,0.05533596837944664,0.019008825526137134,1.8142940452277587,1220,,,,,12059ab4a23761353aa105f5b839208e79b391de9751ba2a811de31f3967774f
path_any_DplusF_square,be_pair9_24,current_cell_control,square_1_100,square_101_300,24,category_rate_threshold,265,9735,253,39747,0.006325,0.011475409836065573,0.05533596837944664,0.019008825526137134,1.8142940452277587,1220,,,,,2596ba1ddae65fa63b88f3861db8d7ce1cebf89baee21f041e0500932e7069d5
path_X_squarefree_flip_count_ge2,path_factor_signature,factor_control,square_1_100,square_101_300,24,category_rate_threshold,6087,3913,24358,15642,0.60895,1.0,0.9835782905000411,0.9917211689709414,1.6421709499958945,23958,,,,,50c4358bf8b808a2be3918460c89829edc4721e685ba26b9349665b8cf7f2607
path_X_squarefree_flip_count_ge2,current_factor_signature,factor_control,square_1_100,square_101_300,24,category_rate_threshold,6087,3913,24358,15642,0.60895,0.9962995423118123,0.8400525494703999,0.9115288667141838,1.6360941658786639,20538,,,,,a60edc724a38ec4c67282f222434a138eb1f61e828128c878e9de1098f1fc133
path_X_squarefree_flip_count_ge2,ordered_path24,ordered_path,square_1_100,square_101_300,24,category_rate_threshold,6087,3913,24358,15642,0.60895,0.9134135823302209,1.0,0.9547476727094562,1.4999812502343721,26667,0.9999190606075931,1.012951278494155,0.744756260233448,0.7547062269438419,8a170c649779648d2ae675dfc68c884506ab4633f166030854bce01c87b4b59f
path_X_squarefree_flip_count_ge2,unordered_path24,unordered_path_control,square_1_100,square_101_300,24,category_rate_threshold,6087,3913,24358,15642,0.60895,0.9134135823302209,1.0,0.9547476727094562,1.4999812502343721,26667,,,,,6a4afcd89cf31c0c4ad76fd8a0f23d91bfc3f6e8927192ee3534057803fae2b6
path_X_squarefree_flip_count_ge2,unordered_path9_24,unordered_path_control,square_1_100,square_101_300,24,category_rate_threshold,6087,3913,24358,15642,0.60895,0.9134135823302209,1.0,0.9547476727094562,1.4999812502343721,26667,,,,,fa2d58922b86933ae9432d02fb24c60ed52cba520ed2af7e80354ac0c69858a1
path_X_squarefree_flip_count_ge2,shuffled_path24,shuffled_path_control,square_1_100,square_101_300,24,category_rate_threshold,6087,3913,24358,15642,0.60895,0.9134135823302209,1.0,0.9547476727094562,1.4999812502343721,26667,,,,,b9417fc09588ff0feb10d0f78d43b86418f99dc735f1ae335a5261822ba01c1e
path_X_squarefree_flip_count_ge2,be_pair24,current_cell_control,square_1_100,square_101_300,24,category_rate_threshold,6087,3913,24358,15642,0.60895,0.9134135823302209,1.0,0.9547476727094562,1.4999812502343721,26667,,,,,d790c11c53334e3f42f9181f1daa661e1a4227372e24e56e83160480506fac12
path_X_squarefree_flip_count_ge2,qa_orbit_id24,static_orbit_control,square_1_100,square_101_300,24,category_rate_threshold,6087,3913,24358,15642,0.60895,0.9134135823302209,1.0,0.9547476727094562,1.4999812502343721,26667,,,,,8150528e3bb5968aaad43b844e411cbab6f7e51dc011025209ae38b24b8806dc
path_X_squarefree_flip_count_ge2,ordered_path9_24,ordered_path,square_1_100,square_101_300,24,category_rate_threshold,6087,3913,24358,15642,0.60895,0.9132302405498282,0.9600952459150998,0.9360765320417885,1.4996801716886907,25608,0.9993710174631945,1.0116699772564564,0.6683319270956426,0.6802476165983945,699792c448d9308e9adc11f9dabafa663cd25b14cb377867e5d36089d50906d3
path_X_squarefree_flip_count_ge2,shuffled_path9_24,shuffled_path_control,square_1_100,square_101_300,24,category_rate_threshold,6087,3913,24358,15642,0.60895,0.9132302405498282,0.9600952459150998,0.9360765320417885,1.4996801716886907,25608,,,,,646d2727ef06bda2d73c147aece40c833f08594137bda0f896f7d13b3a3d093e
path_X_squarefree_flip_count_ge2,be_pair9_24,current_cell_control,square_1_100,square_101_300,24,category_rate_threshold,6087,3913,24358,15642,0.60895,0.9132302405498282,0.9600952459150998,0.9360765320417885,1.4996801716886907,25608,,,,,dffc938df466bbbf60e603c43a65bf6cab30bbf49b859d86218337edf2087946
path_X_squarefree_flip_count_ge2,orbit_period9_24,static_orbit_control,square_1_100,square_101_300,24,category_rate_threshold,6087,3913,24358,15642,0.60895,0.6969384835479256,1.0,0.8214068928306468,1.1444921316165952,34950,,,,,4c84901309288de9b05911c5e4eaceda591bac4fe08ea35407cf7365ec150ac1
path_X_squarefree_flip_count_ge2,ordered_path9,ordered_path,square_1_100,square_101_300,24,category_rate_threshold,6087,3913,24358,15642,0.60895,0.685928303905832,1.0,0.8137099333544906,1.1264115344541128,35511,1.0,1.0,0.7569532925199663,0.7569532925199663,2dfbcbbad16097e71adba745e35fcece392b22528645023ebde7061d5163b0a7
path_X_squarefree_flip_count_ge2,path_family_sequence9,ordered_path,square_1_100,square_101_300,24,category_rate_threshold,6087,3913,24358,15642,0.60895,0.685928303905832,1.0,0.8137099333544906,1.1264115344541128,35511,1.0,1.0,0.7569532925199663,0.7569532925199663,a15b1cefb88be76a8d19a5ed060c84b75625819b8d8f1919927ece06cae9615c
path_X_squarefree_flip_count_ge2,unordered_path9,unordered_path_control,square_1_100,square_101_300,24,category_rate_threshold,6087,3913,24358,15642,0.60895,0.685928303905832,1.0,0.8137099333544906,1.1264115344541128,35511,,,,,06b283cd6e356d0836a548fe227f038538706367633d05238de7a9178f453d69
path_X_squarefree_flip_count_ge2,shuffled_path9,shuffled_path_control,square_1_100,square_101_300,24,category_rate_threshold,6087,3913,24358,15642,0.60895,0.685928303905832,1.0,0.8137099333544906,1.1264115344541128,35511,,,,,f195af5f09a57949d84cbe995afb95a28fc4e507dc47d120d070729edddf0d7e
path_X_squarefree_flip_count_ge2,be_pair9,current_cell_control,square_1_100,square_101_300,24,category_rate_threshold,6087,3913,24358,15642,0.60895,0.685928303905832,1.0,0.8137099333544906,1.1264115344541128,35511,,,,,448e0ff512549c497c7613706724114fba0699c2481f353bf018f1659ea79dbc
path_X_squarefree_flip_count_ge2,qa_orbit_family9,static_orbit_control,square_1_100,square_101_300,24,category_rate_threshold,6087,3913,24358,15642,0.60895,0.685928303905832,1.0,0.8137099333544906,1.1264115344541128,35511,,,,,040892d9740f9c3560b7b86be4de20bf3074b10e37be4d53e251b117e442b1f9
path_X_squarefree_flip_count_ge2,qa_orbit_id9,static_orbit_control,square_1_100,square_101_300,24,category_rate_threshold,6087,3913,24358,15642,0.60895,0.685928303905832,1.0,0.8137099333544906,1.1264115344541128,35511,,,,,8ce2deee321ff9c0448b1a9278d0d7cc08329679827748b716426cfcc8765cdf
path_X_squarefree_flip_count_ge2,path_family_sequence24,ordered_path,square_1_100,square_101_300,24,category_rate_threshold,6087,3913,24358,15642,0.60895,0.6186158730158731,1.0,0.764376382721667,1.015873015873016,39375,1.0,1.0,0.7569532925199663,0.7569532925199663,412fe652a13e03f203b9315d43defe24f5a82b98245e29f0f93d87ff54f49089
path_X_squarefree_flip_count_ge2,qa_orbit_family24,static_orbit_control,square_1_100,square_101_300,24,category_rate_threshold,6087,3913,24358,15642,0.60895,0.6186158730158731,1.0,0.764376382721667,1.015873015873016,39375,,,,,d6558be6a574ab3a5735e2e51717b2ee45c81251583ffc55bf38bddc0b989957
path_X_omega_range_ge3,ordered_path9,ordered_path,square_1_100,square_101_300,24,category_rate_threshold,10000,0,40000,0,1.0,,,,,,,,,,4cc70a14001f44923cf34f5ae28b92e417d65029751f23d25f01361c81adc3cc
path_X_omega_range_ge3,ordered_path24,ordered_path,square_1_100,square_101_300,24,category_rate_threshold,10000,0,40000,0,1.0,,,,,,,,,,b29f1b5fc825a9bbb3ea5d4a4cdda613df2c1a7ef8f10d8f92b16bc62e50fcae
path_X_omega_range_ge3,ordered_path9_24,ordered_path,square_1_100,square_101_300,24,category_rate_threshold,10000,0,40000,0,1.0,,,,,,,,,,e95d29306c5167b185c659e6189998a29dd1ffb23fb75afb2f550f053eb67417
path_X_omega_range_ge3,path_family_sequence9,ordered_path,square_1_100,square_101_300,24,category_rate_threshold,10000,0,40000,0,1.0,,,,,,,,,,8b127b9c92caab84adb5d396f5ece888b3737f210cb1f4579a8bbadeb1e5ec78
path_X_omega_range_ge3,path_family_sequence24,ordered_path,square_1_100,square_101_300,24,category_rate_threshold,10000,0,40000,0,1.0,,,,,,,,,,745224a613037db98e269e0b35511115985cc8c7c533debc9bfdc89daac27ec6
path_X_omega_range_ge3,unordered_path9,unordered_path_control,square_1_100,square_101_300,24,category_rate_threshold,10000,0,40000,0,1.0,,,,,,,,,,c4e165a91d8f1bc9facd0a931f5f0621c5aed70f12986adc3550ecc465bfcfc5
path_X_omega_range_ge3,unordered_path24,unordered_path_control,square_1_100,square_101_300,24,category_rate_threshold,10000,0,40000,0,1.0,,,,,,,,,,06fc75d4161adf8f9a57c2deba605f4166a16a2dd2b9fb3da3b8b91bb6a3a46f
path_X_omega_range_ge3,unordered_path9_24,unordered_path_control,square_1_100,square_101_300,24,category_rate_threshold,10000,0,40000,0,1.0,,,,,,,,,,84ad2e700babb25154a94c036821c80b359460c2110ded2d94746e70ac49e839
path_X_omega_range_ge3,shuffled_path9,shuffled_path_control,square_1_100,square_101_300,24,category_rate_threshold,10000,0,40000,0,1.0,,,,,,,,,,8d641594978d2183e9a631feaf5d7be25983596d98ec48707238b0d27bbb8bee
path_X_omega_range_ge3,shuffled_path24,shuffled_path_control,square_1_100,square_101_300,24,category_rate_threshold,10000,0,40000,0,1.0,,,,,,,,,,4026adfac7432b922f4d0b621b229af6f7677eace091f77b85172c5c81cb33ec
path_X_omega_range_ge3,shuffled_path9_24,shuffled_path_control,square_1_100,square_101_300,24,category_rate_threshold,10000,0,40000,0,1.0,,,,,,,,,,1bf42f504eef3f493956099d3a20e7fbe1f7f086b65abc301431d76b4856f64f
path_X_omega_range_ge3,be_pair9,current_cell_control,square_1_100,square_101_300,24,category_rate_threshold,10000,0,40000,0,1.0,,,,,,,,,,7bea8b17c961f04d447906214a958360dd6cc2d2993e058e15c01a09fff46297
path_X_omega_range_ge3,be_pair24,current_cell_control,square_1_100,square_101_300,24,category_rate_threshold,10000,0,40000,0,1.0,,,,,,,,,,cd11806d9e1deb3388e28751294b590771dc3fab63340a3ed0180620451e6f66
path_X_omega_range_ge3,be_pair9_24,current_cell_control,square_1_100,square_101_300,24,category_rate_threshold,10000,0,40000,0,1.0,,,,,,,,,,2f08774a9fc197561fc2ccd33e8d9bcfead0992f9f2c46b6a55a589d2d473cd0
path_X_omega_range_ge3,current_factor_signature,factor_control,square_1_100,square_101_300,24,category_rate_threshold,10000,0,40000,0,1.0,,,,,,,,,,28a48f0bffc50162202046ee3354517af64f4b76bdea82bec422e72beadb3fc4
path_X_omega_range_ge3,path_factor_signature,factor_control,square_1_100,square_101_300,24,category_rate_threshold,10000,0,40000,0,1.0,,,,,,,,,,88913b014c7e014a253e3c72090b79d013167fc9df18959023a184024677e831
path_X_omega_range_ge3,qa_orbit_family9,static_orbit_control,square_1_100,square_101_300,24,category_rate_threshold,10000,0,40000,0,1.0,,,,,,,,,,705eb30c38e5e234a1330b18a00988d217171eb0e2f5924e1094974f15bf9981
path_X_omega_range_ge3,qa_orbit_id9,static_orbit_control,square_1_100,square_101_300,24,category_rate_threshold,10000,0,40000,0,1.0,,,,,,,,,,7d3a119c8e4fb6eb690fb6a6b57e7f855d245afe23981f02bf06366515d489d5
path_X_omega_range_ge3,qa_orbit_family24,static_orbit_control,square_1_100,square_101_300,24,category_rate_threshold,10000,0,40000,0,1.0,,,,,,,,,,0753aaf5323701cba5d137ac035651b300680deae848e5984aafffa2eefdace4
path_X_omega_range_ge3,qa_orbit_id24,static_orbit_control,square_1_100,square_101_300,24,category_rate_threshold,10000,0,40000,0,1.0,,,,,,,,,,cebd57ac128f72ab3204368f1313edbfa246d01bca253bb191e2103181139e8a
path_X_omega_range_ge3,orbit_period9_24,static_orbit_control,square_1_100,square_101_300,24,category_rate_threshold,10000,0,40000,0,1.0,,,,,,,,,,91e1027dc920b1c593582350a601e484510c48a4a0dbbae0d624928d041519c4
path_F_squarefree_flip_count_ge2,path_factor_signature,factor_control,square_1_100,square_101_300,24,category_rate_threshold,6087,3913,24358,15642,0.60895,1.0,0.9835782905000411,0.9917211689709414,1.6421709499958945,23958,,,,,e509a45f1e5fcb95e560b13f080476b7237056274df73b814beb9d26ec44da16
path_F_squarefree_flip_count_ge2,current_factor_signature,factor_control,square_1_100,square_101_300,24,category_rate_threshold,6087,3913,24358,15642,0.60895,0.9962995423118123,0.8400525494703999,0.9115288667141838,1.6360941658786639,20538,,,,,12e447cab52ba182edc8b39e5192ff7ebd3d70f68ab4281f163a7e1b3e3dde4c
path_F_squarefree_flip_count_ge2,ordered_path24,ordered_path,square_1_100,square_101_300,24,category_rate_threshold,6087,3913,24358,15642,0.60895,0.9134135823302209,1.0,0.9547476727094562,1.4999812502343721,26667,1.0006603057049062,1.0164214825912212,0.7458136645656692,0.7571874800790463,805795de16dbc5caf7274e09c75c725d0ba034f5781ea9270414db82837327a5
path_F_squarefree_flip_count_ge2,unordered_path24,unordered_path_control,square_1_100,square_101_300,24,category_rate_threshold,6087,3913,24358,15642,0.60895,0.9134135823302209,1.0,0.9547476727094562,1.4999812502343721,26667,,,,,9142f5cd19ba627024cc7e3df1f15b4317d0680ffa6eb2f75f66700543df4a5b
path_F_squarefree_flip_count_ge2,unordered_path9_24,unordered_path_control,square_1_100,square_101_300,24,category_rate_threshold,6087,3913,24358,15642,0.60895,0.9134135823302209,1.0,0.9547476727094562,1.4999812502343721,26667,,,,,2ca41fb8df52dcf2321fa36dd24a955ae3f983efe7716e4717b1bf340c1aee1b
path_F_squarefree_flip_count_ge2,shuffled_path24,shuffled_path_control,square_1_100,square_101_300,24,category_rate_threshold,6087,3913,24358,15642,0.60895,0.9134135823302209,1.0,0.9547476727094562,1.4999812502343721,26667,,,,,ddbab8d6e97d21f0b088dc0a11e33a2b349067266af1f34a57b35d62650c3848
path_F_squarefree_flip_count_ge2,be_pair24,current_cell_control,square_1_100,square_101_300,24,category_rate_threshold,6087,3913,24358,15642,0.60895,0.9134135823302209,1.0,0.9547476727094562,1.4999812502343721,26667,,,,,2eb8c1e032195709ee38ed4f1f41d2f2ca6371651ad20b3f2e0cebc07cec5047
path_F_squarefree_flip_count_ge2,qa_orbit_id24,static_orbit_control,square_1_100,square_101_300,24,category_rate_threshold,6087,3913,24358,15642,0.60895,0.9134135823302209,1.0,0.9547476727094562,1.4999812502343721,26667,,,,,aaa1558178d717b54b15a94fd3cf285a39831a14340acefe829edf076cce88a3
path_F_squarefree_flip_count_ge2,ordered_path9_24,ordered_path,square_1_100,square_101_300,24,category_rate_threshold,6087,3913,24358,15642,0.60895,0.9132302405498282,0.9600952459150998,0.9360765320417885,1.4996801716886907,25608,1.0013683584622979,1.0230208458973646,0.6694007949159478,0.683458437586878,8974ce985aa8dd4a608d6bcb56a8baea06dbd1f9d294e0afae5fcad4fca325fc
path_F_squarefree_flip_count_ge2,shuffled_path9_24,shuffled_path_control,square_1_100,square_101_300,24,category_rate_threshold,6087,3913,24358,15642,0.60895,0.9132302405498282,0.9600952459150998,0.9360765320417885,1.4996801716886907,25608,,,,,8bb7b84c18ea8d8f677e0a1e8bad9cb5dc2e31ed744623399f0c526798dff7b2
path_F_squarefree_flip_count_ge2,be_pair9_24,current_cell_control,square_1_100,square_101_300,24,category_rate_threshold,6087,3913,24358,15642,0.60895,0.9132302405498282,0.9600952459150998,0.9360765320417885,1.4996801716886907,25608,,,,,c6a8ee5f35bb970233515594451f3ad6cb892a09f00bf0e0717ccc9cfb346ee0
path_F_squarefree_flip_count_ge2,orbit_period9_24,static_orbit_control,square_1_100,square_101_300,24,category_rate_threshold,6087,3913,24358,15642,0.60895,0.6969384835479256,1.0,0.8214068928306468,1.1444921316165952,34950,,,,,72ad16d26ce9cbe59be73dceb1e33e82ed2d5b8c26d02817f2a88e6488132b45
path_F_squarefree_flip_count_ge2,ordered_path9,ordered_path,square_1_100,square_101_300,24,category_rate_threshold,6087,3913,24358,15642,0.60895,0.685928303905832,1.0,0.8137099333544906,1.1264115344541128,35511,1.0,1.0,0.7569532925199663,0.7569532925199663,b03f934ecf8fef81ec5848d7fa0af4c4855df08fb21126520963c2f8dd11c07f
path_F_squarefree_flip_count_ge2,path_family_sequence9,ordered_path,square_1_100,square_101_300,24,category_rate_threshold,6087,3913,24358,15642,0.60895,0.685928303905832,1.0,0.8137099333544906,1.1264115344541128,35511,1.0,1.0,0.7569532925199663,0.7569532925199663,69a7afb13d7f29c6c81b82831fdcb5eda6a8c8ef9a7aba05a6c80d8e6d6a8d1c
path_F_squarefree_flip_count_ge2,unordered_path9,unordered_path_control,square_1_100,square_101_300,24,category_rate_threshold,6087,3913,24358,15642,0.60895,0.685928303905832,1.0,0.8137099333544906,1.1264115344541128,35511,,,,,fc8f2b54989cf8399fbb730ce650ad87eed62e91d030124d4c0921f7ccaf9964
path_F_squarefree_flip_count_ge2,shuffled_path9,shuffled_path_control,square_1_100,square_101_300,24,category_rate_threshold,6087,3913,24358,15642,0.60895,0.685928303905832,1.0,0.8137099333544906,1.1264115344541128,35511,,,,,185a67af18985be8dbe33ac9cb340a95db050a59bc7bbdabc22e9a553354d1af
path_F_squarefree_flip_count_ge2,be_pair9,current_cell_control,square_1_100,square_101_300,24,category_rate_threshold,6087,3913,24358,15642,0.60895,0.685928303905832,1.0,0.8137099333544906,1.1264115344541128,35511,,,,,3ba83e8aa91fb7e50a07590472b8f3f31f53afdecef89429401d48840c067b6b
path_F_squarefree_flip_count_ge2,qa_orbit_family9,static_orbit_control,square_1_100,square_101_300,24,category_rate_threshold,6087,3913,24358,15642,0.60895,0.685928303905832,1.0,0.8137099333544906,1.1264115344541128,35511,,,,,8ca22c9f43a881a5f85fb5f03f9206d2ac81cd088d6edf503601c3ee4d53f185
path_F_squarefree_flip_count_ge2,qa_orbit_id9,static_orbit_control,square_1_100,square_101_300,24,category_rate_threshold,6087,3913,24358,15642,0.60895,0.685928303905832,1.0,0.8137099333544906,1.1264115344541128,35511,,,,,41eb08044b1185a486837840e94795845b9b085e55692935929d94cfa2ecec4c
path_F_squarefree_flip_count_ge2,path_family_sequence24,ordered_path,square_1_100,square_101_300,24,category_rate_threshold,6087,3913,24358,15642,0.60895,0.6186158730158731,1.0,0.764376382721667,1.015873015873016,39375,1.0000641025641026,1.001602564102564,0.7569834321975233,0.757706784458892,1b9de34de13c16cbf9e068b00029b7cda68167d743458ea049561aaf8366ebe2
path_F_squarefree_flip_count_ge2,qa_orbit_family24,static_orbit_control,square_1_100,square_101_300,24,category_rate_threshold,6087,3913,24358,15642,0.60895,0.6186158730158731,1.0,0.764376382721667,1.015873015873016,39375,,,,,af8fbb1f073df1385908cf7c3d5be69d006956c8ec304f57df9000f1f88cb67f
path_F_omega_range_ge3,ordered_path9,ordered_path,square_1_100,square_101_300,24,category_rate_threshold,10000,0,40000,0,1.0,,,,,,,,,,984824812f046a2c982e861aa6e35f8cf615470fb007401d7c714e8c1709201a
path_F_omega_range_ge3,ordered_path24,ordered_path,square_1_100,square_101_300,24,category_rate_threshold,10000,0,40000,0,1.0,,,,,,,,,,493947ea84699d6986be126fea2b811c03e099c5615c0a47bfd1993da12094fd
path_F_omega_range_ge3,ordered_path9_24,ordered_path,square_1_100,square_101_300,24,category_rate_threshold,10000,0,40000,0,1.0,,,,,,,,,,f8b05ca9475e46004ae0b78273f4d111625bd20a188df3936f7f418230cb67c6
path_F_omega_range_ge3,path_family_sequence9,ordered_path,square_1_100,square_101_300,24,category_rate_threshold,10000,0,40000,0,1.0,,,,,,,,,,ff178583affb1d3a2fb6bdd86083e10901796df2ff2fb9de5edf499d32c78154
path_F_omega_range_ge3,path_family_sequence24,ordered_path,square_1_100,square_101_300,24,category_rate_threshold,10000,0,40000,0,1.0,,,,,,,,,,ba84e4ca6b214f4dabe051918c06c04b5a67418acf6c41437b67ecb46470e766
path_F_omega_range_ge3,unordered_path9,unordered_path_control,square_1_100,square_101_300,24,category_rate_threshold,10000,0,40000,0,1.0,,,,,,,,,,44d35ff9dd9b78a9866641fc4be3d1e743aaa8a6ddeaa83de6247294bc60cda3
path_F_omega_range_ge3,unordered_path24,unordered_path_control,square_1_100,square_101_300,24,category_rate_threshold,10000,0,40000,0,1.0,,,,,,,,,,2bed20f632f257dc15a9dc26ef0ca53c5006e74017d241f18a6260e15141c61c
path_F_omega_range_ge3,unordered_path9_24,unordered_path_control,square_1_100,square_101_300,24,category_rate_threshold,10000,0,40000,0,1.0,,,,,,,,,,9206ce82d5144323233b50b246ae50a27e927df8a481b7c56208b30cd4b5b203
path_F_omega_range_ge3,shuffled_path9,shuffled_path_control,square_1_100,square_101_300,24,category_rate_threshold,10000,0,40000,0,1.0,,,,,,,,,,0bf39f235314f8ca9e78fe4e41de94128121de2161bb3c56a0cea6fcacb5a48e
path_F_omega_range_ge3,shuffled_path24,shuffled_path_control,square_1_100,square_101_300,24,category_rate_threshold,10000,0,40000,0,1.0,,,,,,,,,,50bed8b357f348de903b36b0631ef7dba375c1c96f68dde3ac38eb85f671da9a
path_F_omega_range_ge3,shuffled_path9_24,shuffled_path_control,square_1_100,square_101_300,24,category_rate_threshold,10000,0,40000,0,1.0,,,,,,,,,,6f3f87c780ac9729c568ebc901993b7203a76dee6a7de68223411f2d75978345
path_F_omega_range_ge3,be_pair9,current_cell_control,square_1_100,square_101_300,24,category_rate_threshold,10000,0,40000,0,1.0,,,,,,,,,,424b89e1abc6ecb1b0c7eb45bbce5da3b8cf8912fb4fa952e19685c56c85097c
path_F_omega_range_ge3,be_pair24,current_cell_control,square_1_100,square_101_300,24,category_rate_threshold,10000,0,40000,0,1.0,,,,,,,,,,39a5fc54647e59c106615d4c3454e0490ef772f0d8a0fe525c76d59f5e60b79b
path_F_omega_range_ge3,be_pair9_24,current_cell_control,square_1_100,square_101_300,24,category_rate_threshold,10000,0,40000,0,1.0,,,,,,,,,,80abcbee65ce5911008fd3e7d92e047c1b84351d86ba9d76df162cc8b9f5a94a
path_F_omega_range_ge3,current_factor_signature,factor_control,square_1_100,square_101_300,24,category_rate_threshold,10000,0,40000,0,1.0,,,,,,,,,,3dca7fa46b93000754e6ed811b8f7451f529682e6cc7450bc3382d0824a5f38d
path_F_omega_range_ge3,path_factor_signature,factor_control,square_1_100,square_101_300,24,category_rate_threshold,10000,0,40000,0,1.0,,,,,,,,,,eed9debb6b8f48fe96a2065089b708e68f71db34596f6e84b72d7645cda3c32a
path_F_omega_range_ge3,qa_orbit_family9,static_orbit_control,square_1_100,square_101_300,24,category_rate_threshold,10000,0,40000,0,1.0,,,,,,,,,,968017f3079712fbd5b261ee627c9c4a262d1cccd255033118fa27017a47e32a
path_F_omega_range_ge3,qa_orbit_id9,static_orbit_control,square_1_100,square_101_300,24,category_rate_threshold,10000,0,40000,0,1.0,,,,,,,,,,ce8d54fc877b045f14eeffe68c500665fa3ca83c7b8ccd008cd9e5598b194e41
path_F_omega_range_ge3,qa_orbit_family24,static_orbit_control,square_1_100,square_101_300,24,category_rate_threshold,10000,0,40000,0,1.0,,,,,,,,,,ab594d8d1c863d1a89137fbe010297d0a7b7c4f80e8067bc690a332bcc78f08b
path_F_omega_range_ge3,qa_orbit_id24,static_orbit_control,square_1_100,square_101_300,24,category_rate_threshold,10000,0,40000,0,1.0,,,,,,,,,,a284915aaf3ef6b4489e2e7982b954928c5ccfb502e4250c2a4b989eaa4054ac
path_F_omega_range_ge3,orbit_period9_24,static_orbit_control,square_1_100,square_101_300,24,category_rate_threshold,10000,0,40000,0,1.0,,,,,,,,,,b5426500531557424a16396fb08d23730576d1449edd32f466fa314313c27a55
