target,feature_set,feature_kind,train_window,test_window,model,train_rows,test_rows,train_positive_rows,test_positive_rows,test_base_rate,precision,recall,f1,observed_lift,predicted_positive,null_lift_mean,null_lift_max,null_f1_mean,null_f1_max,exact_reduction_lift,hash
squarefree_X_xor_F,factor_signature,non_orbit,square_1_100,square_101_300,category_rate_threshold,10000,40000,3861,15138,0.37845,1.0,0.6732065001981767,0.8046902759682577,2.642356982428326,10191,0.9810905908827051,1.0273329891900322,0.49476720063586327,0.516303744644958,,571b68fb1b808bd10ae9a02adea46cba60017bdd908fcedf3fe2eafb902173f4
squarefree_X_xor_F,be_pair24,non_orbit,square_1_100,square_101_300,category_rate_threshold,10000,40000,3861,15138,0.37845,0.6085297857771691,0.8219051393843309,0.6993030575539568,1.6079529284639162,20446,0.9998231442426215,1.0334048664072226,0.5167881795474131,0.5331468064226504,,d492528ea7a60dc7ba688fdf562b1619f34a8403f4a4b77c36ba03fd58dec7ab
squarefree_X_xor_F,derived_scalar24,non_orbit,square_1_100,square_101_300,category_rate_threshold,10000,40000,3861,15138,0.37845,0.567667904151198,1.0,0.7242195909580194,1.499981250234372,26667,1.002500241794205,1.0354378607853796,0.549679874867513,0.5630753780059141,,97738acba41bba8af546279578072392416bc0a176048e22ba335d35480be9b6
squarefree_X_xor_F,qa_orbit_id24,orbit,square_1_100,square_101_300,category_rate_threshold,10000,40000,3861,15138,0.37845,0.567667904151198,1.0,0.7242195909580194,1.499981250234372,26667,1.0010482214006962,1.0105348255564257,0.5495119198917429,0.5532793625847482,,5ee2c3697c78157a58f818d76fafb7e989cc4f424b16391ba74948a69673d966
squarefree_X_xor_F,e_only24,non_orbit,square_1_100,square_101_300,category_rate_threshold,10000,40000,3861,15138,0.37845,0.47688,0.7875544986127626,0.5940505256863821,1.2600871977804202,25000,1.0,1.0,0.5490949980050056,0.5490949980050056,,9783a569b3315a2af490d19d422966c4c4cc92d3107f2de51356aa314eb10d09
squarefree_X_xor_F,be_pair9,non_orbit,square_1_100,square_101_300,category_rate_threshold,10000,40000,3861,15138,0.37845,0.42704199617437977,0.9881093935790726,0.5963520382736968,1.128397400381503,35027,0.9999191875847806,1.0128120727199068,0.5482982187657874,0.5541806999560698,,01f0cb83322f4e733d932619f85802b48e5be20a7a4879d861c2ee135006ccb3
squarefree_X_xor_F,derived_scalar9,non_orbit,square_1_100,square_101_300,category_rate_threshold,10000,40000,3861,15138,0.37845,0.426290445214159,1.0,0.597761061422733,1.1264115344541128,35511,1.0,1.0,0.5490949980050056,0.5490949980050056,,65afd96e42bb3e4b3368f88c8256ecbc7167dae77a677c6139949dca84a39758
squarefree_X_xor_F,qa_orbit_family9,orbit,square_1_100,square_101_300,category_rate_threshold,10000,40000,3861,15138,0.37845,0.426290445214159,1.0,0.597761061422733,1.1264115344541128,35511,1.0,1.0,0.5490949980050056,0.5490949980050056,,d5d58acbb05bda1b195806daa01657cb1596c09a042ebe8fbbad1299574d5d8e
squarefree_X_xor_F,qa_orbit_id9,orbit,square_1_100,square_101_300,category_rate_threshold,10000,40000,3861,15138,0.37845,0.426290445214159,1.0,0.597761061422733,1.1264115344541128,35511,1.0,1.0,0.5490949980050056,0.5490949980050056,,3cd9d5699ba216f960e2dd3ed38bd54743a770f0b3674a0dfeac0e16fc3188be
squarefree_X_xor_F,b_only24,non_orbit,square_1_100,square_101_300,category_rate_threshold,10000,40000,3861,15138,0.37845,0.3967241379310345,0.9120095124851367,0.5529256277784453,1.0482867959599274,34800,1.0,1.0,0.5490949980050056,0.5490949980050056,,987275749c21093aa15445e4ed1c9a2a44a389f8d8776eaa7bd07d076e73dfc2
squarefree_X_xor_F,b_only9,non_orbit,square_1_100,square_101_300,category_rate_threshold,10000,40000,3861,15138,0.37845,0.39308988764044944,0.9244285903025499,0.5516181165989987,1.0386838093287076,35600,1.0,1.0,0.5490949980050056,0.5490949980050056,,75649681167623eb5458cc082f21b0cdb3df6de69631a3df3f7a8951f6025720
squarefree_X_xor_F,e_only9,non_orbit,square_1_100,square_101_300,category_rate_threshold,10000,40000,3861,15138,0.37845,0.393061797752809,0.9243625313779892,0.551578698411447,1.0386095858179654,35600,1.0,1.0,0.5490949980050056,0.5490949980050056,,2389b83bdcbd1b0e7fd4755b037eeedb1a97a278fd103c5f0c9853b986caa7fa
squarefree_X_xor_F,qa_orbit_family24,orbit,square_1_100,square_101_300,category_rate_threshold,10000,40000,3861,15138,0.37845,0.38445714285714283,1.0,0.5553904573221067,1.0158730158730158,39375,1.000734126984127,1.0158730158730158,0.5493868101721879,0.5553904573221067,,e1e383846950fbbe28291aa9d7541d6ed5b8f8acbe930c8db77a5e07f2996c55
semiprime_X_xor_F,factor_signature,non_orbit,square_1_100,square_101_300,category_rate_threshold,10000,40000,1533,3481,0.087025,1.0,0.7319735708129848,0.8452479681539227,11.490950876185003,2548,1.1139068926997115,1.4731988302801284,0.12050141988134974,0.15912806539509539,,3274a291349166aa57421a2f9591c0848a7ebc1885eb2caf8a9fab72ecf4a9f7
semiprime_X_xor_F,be_pair24,non_orbit,square_1_100,square_101_300,category_rate_threshold,10000,40000,1533,3481,0.087025,0.2667525773195876,0.9514507325481184,0.4166823929043216,3.065240762075123,12416,1.0232945301648768,1.246552856390878,0.14787477785695613,0.17959627943795764,,afb1e8cebeca94f2856bdfb8bc597fd5ee66cd0f56b147099819e71dae188362
semiprime_X_xor_F,derived_scalar24,non_orbit,square_1_100,square_101_300,category_rate_threshold,10000,40000,1533,3481,0.087025,0.25913794386957495,1.0,0.4116116826297742,2.9777413831608723,13433,0.9777525260489768,1.328864822971536,0.15089961798260598,0.2044302108353349,,ea32e9c448a7779bc7427ed05ab73b64a0569a07f450cda784d7003967a1380f
semiprime_X_xor_F,b_only24,non_orbit,square_1_100,square_101_300,category_rate_threshold,10000,40000,1533,3481,0.087025,0.17007462686567165,0.6546969261706406,0.27000770096558263,1.9543191825989272,13400,1.0074901944199595,1.1519858928703708,0.15922467663706424,0.18072050111958277,,53c5a26f4e62a5b77c8bb69ca01cc5ab6fa93252e0cea09e2200b54cb4f93468
semiprime_X_xor_F,qa_orbit_id24,orbit,square_1_100,square_101_300,category_rate_threshold,10000,40000,1533,3481,0.087025,0.13053586830164624,1.0,0.23092742470478972,1.4999812502343721,26667,1.0175437144032036,1.113678759361862,0.1606172429763445,0.1767094776384588,,abd1d5210e7bf42e77289df469f3e3ee1add1e1206cdae4ff903851726682ef4
semiprime_X_xor_F,e_only24,non_orbit,square_1_100,square_101_300,category_rate_threshold,10000,40000,1533,3481,0.087025,0.12713333333333332,0.5478310830221201,0.20637411395487257,1.4608828880589866,15000,0.9927117869586644,1.0768662535396232,0.1570525938403981,0.17047374028741455,,90cd9245936871c75f3b15cf9b5ff2f61c2819fc481a4aacff3c29992619c1fb
semiprime_X_xor_F,derived_scalar9,non_orbit,square_1_100,square_101_300,category_rate_threshold,10000,40000,1533,3481,0.087025,0.11824747231584015,0.7055443837977593,0.20254834852171041,1.3587758956143654,20770,0.9777311457518504,1.1543722177568172,0.15353482506912583,0.17978546608248983,,f53e574ef9fb4ba9917a3a9ec6fcff191ef86a145031d34c67a3d952635a25bc
semiprime_X_xor_F,be_pair9,non_orbit,square_1_100,square_101_300,category_rate_threshold,10000,40000,1533,3481,0.087025,0.11606263541461494,0.6771042803792013,0.198158812896717,1.3336700421099101,20308,0.9888915325613467,1.0866499874517799,0.15253786212469522,0.16695300656897422,,150638b37e3d708f07cc1fd4df412a2a065dd4e70b663030beec5e2bd961908e
semiprime_X_xor_F,b_only9,non_orbit,square_1_100,square_101_300,category_rate_threshold,10000,40000,1533,3481,0.087025,0.10793233082706767,0.8247629991381786,0.1908846115488182,1.240245111485983,26600,1.000177324855502,1.061621837971137,0.15973461630331767,0.1683170850285305,,33aad2914badc14a4cb168deb243eae9759ebae896a82a2e78a65e0c90688d6c
semiprime_X_xor_F,qa_orbit_family9,orbit,square_1_100,square_101_300,category_rate_threshold,10000,40000,1533,3481,0.087025,0.09802596378586917,1.0,0.1785494460402134,1.1264115344541128,35511,1.0081250791192402,1.111265453535213,0.16130639719850481,0.17636032019454856,,306e87c0ea8a37448c80bfa5e1b9e27665a89e7529b1cb744a9de4680b8b2918
semiprime_X_xor_F,qa_orbit_id9,orbit,square_1_100,square_101_300,category_rate_threshold,10000,40000,1533,3481,0.087025,0.09802596378586917,1.0,0.1785494460402134,1.1264115344541128,35511,1.0068796263092912,1.111265453535213,0.16112569790219658,0.17636032019454856,,ee1e4701ff7c1d7fe97283ed1655b7addd413d2fa942af98b9d7027d49c92567
semiprime_X_xor_F,qa_orbit_family24,orbit,square_1_100,square_101_300,category_rate_threshold,10000,40000,1533,3481,0.087025,0.08840634920634921,1.0,0.16245099869329852,1.0158730158730158,39375,1.0051410057651975,1.0158730158730158,0.16087233825605307,0.16245099869329852,,efb2e96c8e40345f7e1921636b8ac8324f1c11f49d8bfe119eace02a0056d793
semiprime_X_xor_F,e_only9,non_orbit,square_1_100,square_101_300,category_rate_threshold,10000,40000,1533,3481,0.087025,0.0873876404494382,0.8937087043952887,0.15920779918630534,1.004167083590212,35600,1.000764661397993,1.0167554848309763,0.15998136019556777,0.16120365394948952,,db2d0145cc41a7ed58ceef9fa7a6c0d499daf7221fe6b1a7f4f6e06dfc2f3d7b
omega_X_eq_omega_F,factor_signature,non_orbit,square_1_100,square_101_300,category_rate_threshold,10000,40000,1255,4586,0.11465,0.9728474455162558,0.5937636284343655,0.7374407582938388,8.485368037647238,2799,1.0861587450309818,1.8750804497887652,0.12047876868615605,0.2138943677405216,,6c9514a5b94288fe470a0298fb52b40d2f7eb4c08326e43169e94ec5d666cb2f
omega_X_eq_omega_F,be_pair24,non_orbit,square_1_100,square_101_300,category_rate_threshold,10000,40000,1255,4586,0.11465,0.2662424304628964,0.5656345399040559,0.3620629492637309,2.3222191928730607,9743,1.0071636020173746,1.1307564546079516,0.1669993835176078,0.18516070892159806,,ff182e068ad8469e93b4f936afb22a6a4cd5ff9e7a482f1c5f525259225a9aeb
omega_X_eq_omega_F,derived_scalar24,non_orbit,square_1_100,square_101_300,category_rate_threshold,10000,40000,1255,4586,0.11465,0.25780132895954244,0.6683384212821631,0.37207890743550837,2.2485942342742473,11889,1.0053644438923977,1.1933823576687674,0.1916378265740415,0.2268763508981143,,86f4589ed9c83c206e1fd98fa2a47e6165869fbc40014ea11f1f736906a8313f
omega_X_eq_omega_F,b_only24,non_orbit,square_1_100,square_101_300,category_rate_threshold,10000,40000,1255,4586,0.11465,0.1974390243902439,0.35303096380287835,0.2532457375254184,1.722102262453065,8200,1.0036914144395195,1.1080876888018032,0.2004245769634991,0.21875947371612198,,925691aba4446faeefbe0fd6d06af5b2d2c00120d1b66effa5b4efb630071433
omega_X_eq_omega_F,be_pair9,non_orbit,square_1_100,square_101_300,category_rate_threshold,10000,40000,1255,4586,0.11465,0.16858603449244425,0.6543829044919319,0.2681020234957788,1.4704407718486197,17801,1.0007293075346948,1.1196099006153954,0.19111239642286623,0.2157667687169496,,8cb1224274df05a747bae926c9ca6d0e58de83d3b81b6f6acd83135ab87a8922
omega_X_eq_omega_F,derived_scalar9,non_orbit,square_1_100,square_101_300,category_rate_threshold,10000,40000,1255,4586,0.11465,0.1561044460127029,0.7235063235935456,0.2568012073836152,1.3615738858500035,21255,1.0003977219736966,1.0938730157359389,0.19760943831263394,0.21643228941995227,,59bdc24b8c349f2eff98388e7923a8b3bdebfb4a0907016f50e6c8d7b63e5320
omega_X_eq_omega_F,e_only24,non_orbit,square_1_100,square_101_300,category_rate_threshold,10000,40000,1255,4586,0.11465,0.1506,0.4925861317051897,0.2306749719187175,1.313563017880506,15000,1.0021808073595557,1.0642814439569896,0.20036366794281776,0.21234779972717627,,007545443882d256116df8cfabef488a9b15ad22ffcc7d60d4c7e649d4e88ab7
omega_X_eq_omega_F,b_only9,non_orbit,square_1_100,square_101_300,category_rate_threshold,10000,40000,1255,4586,0.11465,0.15059701492537314,0.44003488879197555,0.22439675303013457,1.3135369814685838,13400,1.0033391125993028,1.0500400939746493,0.2049582914737756,0.20980271614597887,,f5be2fe6603c71d5bd66cf2bbef0906ed19cf4076a22bc6a5f0afaefc73370b4
omega_X_eq_omega_F,qa_orbit_id24,orbit,square_1_100,square_101_300,category_rate_threshold,10000,40000,1255,4586,0.11465,0.13112429087158328,0.6652856519843,0.21907086953399868,1.1436920267909576,23268,0.9994040493323866,1.047171992388009,0.19921138506291086,0.20693355590663845,,a55e8b0734c0d783a3d67bf6ccdf1367aed28fb6e3e44d632af2c14fd20f2e72
omega_X_eq_omega_F,e_only9,non_orbit,square_1_100,square_101_300,category_rate_threshold,10000,40000,1255,4586,0.11465,0.13063909774436092,0.7577409507195814,0.2228564099275316,1.1394600762700473,26600,0.9977215531170401,1.049358820445224,0.20371529621256795,0.21315881152640223,,c4b699665b77ed5f0823da04a1c253264fa9ed01a03e43bbae6cea7654b43c2c
omega_X_eq_omega_F,qa_orbit_family9,orbit,square_1_100,square_101_300,category_rate_threshold,10000,40000,1255,4586,0.11465,0.11465,1.0,0.2057147983672005,1.0,40000,0.9985924038238819,1.0,0.20520780171333716,0.2057147983672005,,c1033d48542d3c0792aefcc53b7c3aa2c7c4c36b58d338bff001e47b81c54a08
omega_X_eq_omega_F,qa_orbit_id9,orbit,square_1_100,square_101_300,category_rate_threshold,10000,40000,1255,4586,0.11465,0.11465,1.0,0.2057147983672005,1.0,40000,0.9983616707398683,1.0,0.20510276547330875,0.2057147983672005,,87db913b5a23f945b204eb5862ae82382e85f47fce7ff01a41308a603c2bcdba
omega_X_eq_omega_F,qa_orbit_family24,orbit,square_1_100,square_101_300,category_rate_threshold,10000,40000,1255,4586,0.11465,0.11465,1.0,0.2057147983672005,1.0,40000,0.998974118632548,1.0,0.20541353853600802,0.2057147983672005,,611268971c2f351680c7a3d4eb42c02dd38b4f3329b367d670674b7b8ad1cb95
omega_XF_diff_ge2,factor_signature,non_orbit,square_1_100,square_101_300,category_rate_threshold,10000,40000,6382,26764,0.6691,0.8308049486372165,0.9760499178000299,0.8975896369852424,1.2416753080813279,31443,1.0043210489886802,1.0222065605261694,0.7705354383205529,0.7829591983048416,,f379d23ff8e8805d2fb0fba0336eb065e98337b183f056b34d12a467204b1fc4
omega_XF_diff_ge2,be_pair24,non_orbit,square_1_100,square_101_300,category_rate_threshold,10000,40000,6382,26764,0.6691,0.7958505661400773,0.8771484083096697,0.834524190394938,1.1894344136004742,29498,0.9992099340548249,1.0039372186915783,0.7932682221226359,0.7997104028718381,,48e51ee794f1083124e3bee0e340c07d3a38e17123f2ad14e08a0dcc251b94bc
omega_XF_diff_ge2,derived_scalar24,non_orbit,square_1_100,square_101_300,category_rate_threshold,10000,40000,6382,26764,0.6691,0.7901661352575936,0.8796517710357197,0.8325111830124294,1.180938776352703,29795,1.0,1.0,0.8017494458091187,0.8017494458091187,,66b79a0c9fa6dad78c8ec2d0ff07a46f46a0d63774e819ae28be139ebea6fb87
omega_XF_diff_ge2,b_only24,non_orbit,square_1_100,square_101_300,category_rate_threshold,10000,40000,6382,26764,0.6691,0.7154491017964072,0.8928411298759528,0.7943620769895618,1.0692708142226979,33400,1.0,1.0,0.8017494458091187,0.8017494458091187,,380749208ed07178872a1d27fbfe5d51da2f752ec014d1db6da4b938d792f66b
omega_XF_diff_ge2,qa_orbit_family24,orbit,square_1_100,square_101_300,category_rate_threshold,10000,40000,6382,26764,0.6691,0.6692958733974359,0.9986922732028097,0.8014692653673163,1.0002927415893528,39936,1.0,1.0,0.8017494458091187,0.8017494458091187,,a0c689eeccf450b2a9165453b7c268c1633283bbd5041051bf5be696827db674
omega_XF_diff_ge2,qa_orbit_id24,orbit,square_1_100,square_101_300,category_rate_threshold,10000,40000,6382,26764,0.6691,0.6692958733974359,0.9986922732028097,0.8014692653673163,1.0002927415893528,39936,1.000011709663574,1.0002927415893528,0.8017382385914467,0.8017494458091187,,bcd6160b2b4d38e7025402d63d66b47723aa7dcab0beb2f7b587f92a72b60be1
omega_XF_diff_ge2,b_only9,non_orbit,square_1_100,square_101_300,category_rate_threshold,10000,40000,6382,26764,0.6691,0.6691,1.0,0.8017494458091187,1.0,40000,1.0,1.0,0.8017494458091187,0.8017494458091187,,0ce62286852554c49e093f7e58a6781a350944de41c5a11274da942a6a5eb1b0
omega_XF_diff_ge2,e_only9,non_orbit,square_1_100,square_101_300,category_rate_threshold,10000,40000,6382,26764,0.6691,0.6691,1.0,0.8017494458091187,1.0,40000,1.0,1.0,0.8017494458091187,0.8017494458091187,,476192ead79084ab50bb66b28277f6ac9807c1641a7fa88c24951f7e1d89bce8
omega_XF_diff_ge2,e_only24,non_orbit,square_1_100,square_101_300,category_rate_threshold,10000,40000,6382,26764,0.6691,0.6691,1.0,0.8017494458091187,1.0,40000,1.0,1.0,0.8017494458091187,0.8017494458091187,,3bf307d44c382b02071c7a889362c2132ca543d6d9cab3f6dc169c8ac0380114
omega_XF_diff_ge2,be_pair9,non_orbit,square_1_100,square_101_300,category_rate_threshold,10000,40000,6382,26764,0.6691,0.6691,1.0,0.8017494458091187,1.0,40000,1.0,1.0,0.8017494458091187,0.8017494458091187,,bc542178cbb87db12b4055707b538d5e54017f98dd8c7752b35ff30ee95402dd
omega_XF_diff_ge2,derived_scalar9,non_orbit,square_1_100,square_101_300,category_rate_threshold,10000,40000,6382,26764,0.6691,0.6691,1.0,0.8017494458091187,1.0,40000,1.0,1.0,0.8017494458091187,0.8017494458091187,,a2cec3b1cdce9c7a3562988cc5834cd40a7be243b658df48b17ab8e044a1d55b
omega_XF_diff_ge2,qa_orbit_family9,orbit,square_1_100,square_101_300,category_rate_threshold,10000,40000,6382,26764,0.6691,0.6691,1.0,0.8017494458091187,1.0,40000,1.0,1.0,0.8017494458091187,0.8017494458091187,,bf4d083507a1af3498a26c766db43d47f9a633c2ea2362322cf5196ca7524e6f
omega_XF_diff_ge2,qa_orbit_id9,orbit,square_1_100,square_101_300,category_rate_threshold,10000,40000,6382,26764,0.6691,0.6691,1.0,0.8017494458091187,1.0,40000,1.0,1.0,0.8017494458091187,0.8017494458091187,,ebcd049c4a67664fb213849c2d73f5e2c9021a398cab49a1ca8800e4c20abfad
omega_DplusF_eq_XplusF,factor_signature,non_orbit,square_1_100,square_101_300,category_rate_threshold,10000,40000,3734,13419,0.335475,0.9820476553149821,0.6726283627692078,0.798407784166298,2.9273348396005128,9191,0.9809429582840491,1.0387788239503837,0.45380368645003505,0.47921033060644985,,32b0bc2f08348d78efa411c3ddf8f38152c12e985ef81cefc3f44a49c1744258
omega_DplusF_eq_XplusF,derived_scalar24,non_orbit,square_1_100,square_101_300,category_rate_threshold,10000,40000,3734,13419,0.335475,0.366343020097773,0.8041582830315225,0.5033702623906706,1.0920128775550277,29456,0.9992429521489903,1.0064146190843384,0.500756570410073,0.502691916720003,,cb78d4b1420864b521bf0b114f79bc86e2d9975e5ab90ac35522ba51aa5eb4c2
omega_DplusF_eq_XplusF,be_pair24,non_orbit,square_1_100,square_101_300,category_rate_threshold,10000,40000,3734,13419,0.335475,0.3622654867256637,0.7626499739175796,0.49120449254841736,1.0798583701487852,28250,1.0007051731671277,1.0128032141044654,0.47088494278592163,0.47809662668168856,,ae0b2a4d088ad26e51fe3602df5562e50a02377c63348af6b9914389c3c90e11
omega_DplusF_eq_XplusF,e_only24,non_orbit,square_1_100,square_101_300,category_rate_threshold,10000,40000,3734,13419,0.335475,0.33760416666666665,0.9660928534167971,0.5003570119068295,1.0063467223091636,38400,1.0,1.0,0.502405511147719,0.502405511147719,,346dd4921185a72da4a72a724c9207cdbeb7f64b95a728f327fadf1e46c1bbb2
omega_DplusF_eq_XplusF,b_only9,non_orbit,square_1_100,square_101_300,category_rate_threshold,10000,40000,3734,13419,0.335475,0.335475,1.0,0.502405511147719,1.0,40000,1.0,1.0,0.502405511147719,0.502405511147719,,0212e6fd4cc76893950ea2d28b0efc5fdf101f8761087c9443d73761eada94e4
omega_DplusF_eq_XplusF,e_only9,non_orbit,square_1_100,square_101_300,category_rate_threshold,10000,40000,3734,13419,0.335475,0.335475,1.0,0.502405511147719,1.0,40000,1.0,1.0,0.502405511147719,0.502405511147719,,986609ef32bac4705eb58f0458ecfdae3c0c475ca33748e8931008cbe313d8ac
omega_DplusF_eq_XplusF,b_only24,non_orbit,square_1_100,square_101_300,category_rate_threshold,10000,40000,3734,13419,0.335475,0.335475,1.0,0.502405511147719,1.0,40000,1.0,1.0,0.502405511147719,0.502405511147719,,1d646d8e86cd7d30a8a14eafc1f695f50d2d3d2b313ae23bf31b1bc47c49f8d4
omega_DplusF_eq_XplusF,be_pair9,non_orbit,square_1_100,square_101_300,category_rate_threshold,10000,40000,3734,13419,0.335475,0.335475,1.0,0.502405511147719,1.0,40000,0.9999120785464345,1.0012348462525178,0.5015346207737735,0.502405511147719,,da77b70c78f3619ae9035411a005df35fbe0e36cfddad8c5163bcfc80a10e99b
omega_DplusF_eq_XplusF,derived_scalar9,non_orbit,square_1_100,square_101_300,category_rate_threshold,10000,40000,3734,13419,0.335475,0.335475,1.0,0.502405511147719,1.0,40000,1.0000377872436046,1.001889362180232,0.5023621672781231,0.502405511147719,,84832b5dbd5b9203dd36f7765ce1394daaaa82a39b3ad7173188cc30b6f4e9ba
omega_DplusF_eq_XplusF,qa_orbit_family9,orbit,square_1_100,square_101_300,category_rate_threshold,10000,40000,3734,13419,0.335475,0.335475,1.0,0.502405511147719,1.0,40000,1.0,1.0,0.502405511147719,0.502405511147719,,3c0a08cc0b010c2ea54ee51346852a063600305d9607968a6f141fee9a1dbe69
omega_DplusF_eq_XplusF,qa_orbit_id9,orbit,square_1_100,square_101_300,category_rate_threshold,10000,40000,3734,13419,0.335475,0.335475,1.0,0.502405511147719,1.0,40000,1.0,1.0,0.502405511147719,0.502405511147719,,469f9db3a022fc10a55f20b28c9a10981bbe260de33158bbf0f86cd2e5b03691
omega_DplusF_eq_XplusF,qa_orbit_family24,orbit,square_1_100,square_101_300,category_rate_threshold,10000,40000,3734,13419,0.335475,0.335475,1.0,0.502405511147719,1.0,40000,0.9998577409375531,1.0,0.5022936339205181,0.502405511147719,,e3cfccd724935c54efb1300dd8a1cc2f36c629a4cabe6821e0df378d8a4b1e61
omega_DplusF_eq_XplusF,qa_orbit_id24,orbit,square_1_100,square_101_300,category_rate_threshold,10000,40000,3734,13419,0.335475,0.335475,1.0,0.502405511147719,1.0,40000,0.9995776840923072,1.0,0.5019675297568628,0.502405511147719,,2e741ea6eee1d37bc90ffaefc97814e069b48fc7cc9e38989a771ac315f570c7
omega_DplusF_XplusF_diff_ge2,factor_signature,non_orbit,square_1_100,square_101_300,category_rate_threshold,10000,40000,1314,7638,0.19095,1.0,0.4474993453783713,0.6183068017366137,5.236973029588897,3418,0.8395279398900984,1.3515876634494073,0.12133890842925109,0.19338464057638774,,97d2609acb15a8675e26e04564bf34e2b9c772d163df8d806f24ac0b067ec9d3
omega_DplusF_XplusF_diff_ge2,derived_scalar24,non_orbit,square_1_100,square_101_300,category_rate_threshold,10000,40000,1314,7638,0.19095,0.3030176026823135,0.47329143754909664,0.3694807849550286,1.58689501273796,11930,1.0012033004780239,1.108038334255489,0.28995328912215845,0.3198655334263606,,52f45a90147e1729af4ba519239469216b97191ef67c0e40c5002f5c621807c5
omega_DplusF_XplusF_diff_ge2,be_pair24,non_orbit,square_1_100,square_101_300,category_rate_threshold,10000,40000,1314,7638,0.19095,0.269071132102476,0.49227546478135636,0.34795483990375714,1.4091182618616183,13974,1.002582623815191,1.0636156907309822,0.2409622802128374,0.25814234016887816,,76e9773f7d7ca2b9076700150a1aa108141c4a00f26d98735ee583285e7a2968
omega_DplusF_XplusF_diff_ge2,e_only24,non_orbit,square_1_100,square_101_300,category_rate_threshold,10000,40000,1314,7638,0.19095,0.23771739130434782,0.572663000785546,0.33597050464705436,1.2449195669250999,18400,1.0047779914489907,1.0697677501897573,0.30946073168453375,0.3290177888781284,,237551a3c7f1f1f08268235051b6b293255c17e7ce3cb75b08a5be17f1638727
omega_DplusF_XplusF_diff_ge2,b_only24,non_orbit,square_1_100,square_101_300,category_rate_threshold,10000,40000,1314,7638,0.19095,0.225,0.589159465828751,0.3256386135031478,1.178318931657502,20000,1.0007428209819502,1.051851604240834,0.309082740732159,0.32364192807957154,,9ca4cedd34c15609ff764ca66bf6843b24c8523f522d2c9e0e4209435411f475
omega_DplusF_XplusF_diff_ge2,qa_orbit_id24,orbit,square_1_100,square_101_300,category_rate_threshold,10000,40000,1314,7638,0.19095,0.20267449676300986,0.7500654621628698,0.3191198997354129,1.0614008733333848,28267,1.006289550350737,1.0315133662880562,0.30849040976532044,0.3231552162849873,,86cc5a7f88954d1ab212d4446d3d01eb697b0ea1a8fa73c34b6d117e8effcd0b
omega_DplusF_XplusF_diff_ge2,derived_scalar9,non_orbit,square_1_100,square_101_300,category_rate_threshold,10000,40000,1314,7638,0.19095,0.1979097253884193,0.7388059701492538,0.31219053414843295,1.036447894152497,28513,0.9946720254992999,1.0356257289026949,0.3021230231318142,0.31533615851563396,,fd1bcb0ff44f70cc1dfc55f7a7c3094df4b342a73dd60f3c3ae8be238b9f613e
omega_DplusF_XplusF_diff_ge2,be_pair9,non_orbit,square_1_100,square_101_300,category_rate_threshold,10000,40000,1314,7638,0.19095,0.19654512056903897,0.6584184341450642,0.3027238525206923,1.0293014955173552,25587,0.9988595235784355,1.026333342446823,0.2894014048365561,0.30105304321108356,,ab8b8fad2e8275d00d9255bfd68c69ce785588d68cb8e3894150c2e7d538e15e
omega_DplusF_XplusF_diff_ge2,qa_orbit_family9,orbit,square_1_100,square_101_300,category_rate_threshold,10000,40000,1314,7638,0.19095,0.19650249218552,0.9135899450117831,0.32343739136480565,1.0290782518225712,35511,1.0045058412839996,1.0290782518225712,0.32121073120891697,0.32343739136480565,,af14f443eaf0b8bb310c91ae39c0058f81a53f5c840b2b8d7cafbd925a140b47
omega_DplusF_XplusF_diff_ge2,qa_orbit_id9,orbit,square_1_100,square_101_300,category_rate_threshold,10000,40000,1314,7638,0.19095,0.19650249218552,0.9135899450117831,0.32343739136480565,1.0290782518225712,35511,1.0034405559097614,1.0290782518225712,0.321179629178286,0.32343739136480565,,506a7607146c5e8ad6a497dd7b966ef8334bc5396c1f0254fb1972096367fbed
omega_DplusF_XplusF_diff_ge2,b_only9,non_orbit,square_1_100,square_101_300,category_rate_threshold,10000,40000,1314,7638,0.19095,0.1945806451612903,0.7897355328620057,0.312231481960764,1.0190135907896847,31000,1.0009767178730145,1.0222233484529812,0.3170233755520641,0.32066837398715314,,7cd0fba77a99b96240f2ac0c1a79531c8459cd975b23c0eef18443d72503f464
omega_DplusF_XplusF_diff_ge2,qa_orbit_family24,orbit,square_1_100,square_101_300,category_rate_threshold,10000,40000,1314,7638,0.19095,0.19233015873015874,0.9914899188269181,0.322166209346351,1.007227854046393,39375,1.0020722595233107,1.007227854046393,0.32110063364900104,0.322166209346351,,242000fc3d13a86961f83c171bac682e93722f59ac27bc7057cc7535c602b8ee
omega_DplusF_XplusF_diff_ge2,e_only9,non_orbit,square_1_100,square_101_300,category_rate_threshold,10000,40000,1314,7638,0.19095,0.1918361581920904,0.8891070960984551,0.3155815790696594,1.0046407865519267,35400,1.0005693286321211,1.0161741897798457,0.3184439122130198,0.32066837398715314,,9e31bb84c4a98c0b039c39f69c8516b2165c7f3b94e54f52c7d1c41bf4551cc2
gcd_X_F_gt_1,be_pair24,non_orbit,square_1_100,square_101_300,category_rate_threshold,10000,40000,3913,15642,0.39105,1.0,0.8523846055491625,0.9203106125970664,2.5572177470911646,13333,1.001704569263346,1.0534869476732127,0.5320137652050179,0.5590314889418729,2.5572177470911646,8bc37935e56a7fdee32346889fd256bf34f3aa107eb55bdd3e7e09af9936681b
gcd_X_F_gt_1,derived_scalar24,non_orbit,square_1_100,square_101_300,category_rate_threshold,10000,40000,3913,15642,0.39105,1.0,0.8523846055491625,0.9203106125970664,2.5572177470911646,13333,0.9942480228194363,1.0113459031219063,0.5580964584307379,0.5663556152645147,2.5572177470911646,d14ab493a349ec0a36866a9e104523f8aa73206424b70eb43d5974b087fcd845
gcd_X_F_gt_1,qa_orbit_id24,orbit,square_1_100,square_101_300,category_rate_threshold,10000,40000,3913,15642,0.39105,1.0,0.8523846055491625,0.9203106125970664,2.5572177470911646,13333,0.9990986249269294,1.0,0.5616394195898725,0.5622371589806262,2.5572177470911646,c1ec3e4f9023942956ce5af7381cf4f6e91e1aede7292b29b3bd6d7ebc35bd5c
gcd_X_F_gt_1,factor_signature,non_orbit,square_1_100,square_101_300,category_rate_threshold,10000,40000,3913,15642,0.39105,0.9688773200543233,0.5473085283211866,0.6994852520630771,2.477630277597042,8836,1.0175513261025948,1.0644553380175044,0.5270214922742266,0.5483272592366278,2.5572177470911646,0da9030fcdf0226a7aaac616981a369df24de70a7c1009b5fca71e5705ed63e3
gcd_X_F_gt_1,b_only24,non_orbit,square_1_100,square_101_300,category_rate_threshold,10000,40000,3913,15642,0.39105,0.5451503759398496,0.9270553637642245,0.6865678708394488,1.3940682161868037,26600,1.0,1.0,0.5622371589806262,0.5622371589806262,2.5572177470911646,97b1335c71537cc2feda36dfe6e3bd0c91fcf509ec61c1bf72c977ab5056a34a
gcd_X_F_gt_1,e_only24,non_orbit,square_1_100,square_101_300,category_rate_threshold,10000,40000,3913,15642,0.39105,0.5451503759398496,0.9270553637642245,0.6865678708394488,1.3940682161868037,26600,1.0,1.0,0.5622371589806262,0.5622371589806262,2.5572177470911646,cb0e40112d2fd641330d4c917975512b9831783b9ff119c3f679afef5b15d7db
gcd_X_F_gt_1,derived_scalar9,non_orbit,square_1_100,square_101_300,category_rate_threshold,10000,40000,3913,15642,0.39105,0.39995565901784724,0.9226441631504922,0.5580172447125237,1.0227737092899813,36084,1.0,1.0,0.5622371589806262,0.5622371589806262,2.5572177470911646,839de6c855253bca1f1b2682718a6b9c82cb8bd3cfa28761bd104734e94826af
gcd_X_F_gt_1,be_pair9,non_orbit,square_1_100,square_101_300,category_rate_threshold,10000,40000,3913,15642,0.39105,0.3989025606917193,0.9202148062907557,0.5565479642732861,1.020080707560975,36084,1.000035650204626,1.0058005445107492,0.5611957085722455,0.5622371589806262,2.5572177470911646,2fa62f7f54e92d01ea45c3d8dc76db69cecb5a4d5af7d224188a01f8168daffe
gcd_X_F_gt_1,b_only9,non_orbit,square_1_100,square_101_300,category_rate_threshold,10000,40000,3913,15642,0.39105,0.39105,1.0,0.5622371589806262,1.0,40000,1.0,1.0,0.5622371589806262,0.5622371589806262,2.5572177470911646,80c60ddfa59f5960d9163bc95aa10b01051405537c0d8b230ea03d56f0a57858
gcd_X_F_gt_1,e_only9,non_orbit,square_1_100,square_101_300,category_rate_threshold,10000,40000,3913,15642,0.39105,0.39105,1.0,0.5622371589806262,1.0,40000,1.0,1.0,0.5622371589806262,0.5622371589806262,2.5572177470911646,ee345a9a316cdba1cc43471ea164c2146365c403bb9b3c4b07dd59516f2bcfbc
gcd_X_F_gt_1,qa_orbit_family9,orbit,square_1_100,square_101_300,category_rate_threshold,10000,40000,3913,15642,0.39105,0.39105,1.0,0.5622371589806262,1.0,40000,1.0,1.0,0.5622371589806262,0.5622371589806262,2.5572177470911646,059c7668284cedc2b0e896fa697aaa40854cc3f16518d3fa016e6f7379aad380
gcd_X_F_gt_1,qa_orbit_id9,orbit,square_1_100,square_101_300,category_rate_threshold,10000,40000,3913,15642,0.39105,0.39105,1.0,0.5622371589806262,1.0,40000,1.0,1.0,0.5622371589806262,0.5622371589806262,2.5572177470911646,86de7601ff77313f5ed842b290e6bec3b2dad80ee9a93831826c441e827bcff0
gcd_X_F_gt_1,qa_orbit_family24,orbit,square_1_100,square_101_300,category_rate_threshold,10000,40000,3913,15642,0.39105,0.39105,1.0,0.5622371589806262,1.0,40000,0.9996506242234091,1.0,0.5620053702322809,0.5622371589806262,2.5572177470911646,b459f5d9f0eef51280dc521c496727b4a3a8c039d40d3f6bc3e9ab9a50b1c807
gcd_X_F_eq_1,be_pair24,non_orbit,square_1_100,square_101_300,category_rate_threshold,10000,40000,6087,24358,0.60895,0.9134135823302209,1.0,0.9547476727094562,1.4999812502343721,26667,1.000324064116354,1.0122877846602458,0.745446708782882,0.7551590577179503,1.6421709499958945,39d58944bafa5288b96378ee747b1ae778abfe26dae46aa0d23608311925d714
gcd_X_F_eq_1,derived_scalar24,non_orbit,square_1_100,square_101_300,category_rate_threshold,10000,40000,6087,24358,0.60895,0.9134135823302209,1.0,0.9547476727094562,1.4999812502343721,26667,1.0,1.0,0.7569532925199663,0.7569532925199663,1.6421709499958945,88dd526d5a7a9135db8f88c68ed6ea0ab40860cc17ef3640cd59f46cdd3c13a2
gcd_X_F_eq_1,qa_orbit_id24,orbit,square_1_100,square_101_300,category_rate_threshold,10000,40000,6087,24358,0.60895,0.9134135823302209,1.0,0.9547476727094562,1.4999812502343721,26667,1.0001282051282052,1.001602564102564,0.7570135718750803,0.757706784458892,1.6421709499958945,333cbcb790a0ac5da1ec141bff73b6be131914eddb2692d303929f8a6a663631
gcd_X_F_eq_1,factor_signature,non_orbit,square_1_100,square_101_300,category_rate_threshold,10000,40000,6087,24358,0.60895,0.7728920106481927,0.9893258888250267,0.8678178511622883,1.2692208073703797,31179,0.9983822611586565,1.0128661741947989,0.7227084859600005,0.7373319033083079,1.6421709499958945,ac016d13db0e7c2f1203e4a2a4b0ee93253288f5e03eeb15beba294858047b4f
gcd_X_F_eq_1,be_pair9,non_orbit,square_1_100,square_101_300,category_rate_threshold,10000,40000,6087,24358,0.60895,0.685928303905832,1.0,0.8137099333544906,1.1264115344541128,35511,1.0,1.0,0.7569532925199663,0.7569532925199663,1.6421709499958945,16788ea521aad5662e937907ea88c2eaee5094aa2a8abfd31c917b23a80924fc
gcd_X_F_eq_1,derived_scalar9,non_orbit,square_1_100,square_101_300,category_rate_threshold,10000,40000,6087,24358,0.60895,0.685928303905832,1.0,0.8137099333544906,1.1264115344541128,35511,1.0,1.0,0.7569532925199663,0.7569532925199663,1.6421709499958945,286c2e915f1ef550082e2635357dcc4a8bf5ed855ffc61a4b836e6ece6027fb4
gcd_X_F_eq_1,qa_orbit_family9,orbit,square_1_100,square_101_300,category_rate_threshold,10000,40000,6087,24358,0.60895,0.685928303905832,1.0,0.8137099333544906,1.1264115344541128,35511,1.0,1.0,0.7569532925199663,0.7569532925199663,1.6421709499958945,3cf61726f0fa12de9781bc664a52c43953e844beff67f18dad42242e2badc59e
gcd_X_F_eq_1,qa_orbit_id9,orbit,square_1_100,square_101_300,category_rate_threshold,10000,40000,6087,24358,0.60895,0.685928303905832,1.0,0.8137099333544906,1.1264115344541128,35511,1.0,1.0,0.7569532925199663,0.7569532925199663,1.6421709499958945,b1e48facface3e402748b20d4ff0436b9760a2f30b686602e4812a3ccf9cd419
gcd_X_F_eq_1,b_only24,non_orbit,square_1_100,square_101_300,category_rate_threshold,10000,40000,6087,24358,0.60895,0.6709036144578313,0.9144428935052139,0.7739671288092012,1.1017384259098963,33200,1.0,1.0,0.7569532925199663,0.7569532925199663,1.6421709499958945,c6e1ce25516473621d531ebb9bfa542a4352359882a225bf97bb9fe3fe0fdb6f
gcd_X_F_eq_1,e_only24,non_orbit,square_1_100,square_101_300,category_rate_threshold,10000,40000,6087,24358,0.60895,0.6709036144578313,0.9144428935052139,0.7739671288092012,1.1017384259098963,33200,1.0,1.0,0.7569532925199663,0.7569532925199663,1.6421709499958945,7b232aa096ee4201953cfc0a0cd6fb45ba3f61fa05e209be68da0b43d59b250a
gcd_X_F_eq_1,qa_orbit_family24,orbit,square_1_100,square_101_300,category_rate_threshold,10000,40000,6087,24358,0.60895,0.6186158730158731,1.0,0.764376382721667,1.015873015873016,39375,1.0,1.0,0.7569532925199663,0.7569532925199663,1.6421709499958945,321b97203a63cdbed7f75959d6c56cc958fc2d0309eb5b82d6a1bcff0f788545
gcd_X_F_eq_1,b_only9,non_orbit,square_1_100,square_101_300,category_rate_threshold,10000,40000,6087,24358,0.60895,0.60895,1.0,0.7569532925199663,1.0,40000,1.0,1.0,0.7569532925199663,0.7569532925199663,1.6421709499958945,5ead56f781d96a847d923cd4091ccee0af12b74b69813e4741d2753c522a579e
gcd_X_F_eq_1,e_only9,non_orbit,square_1_100,square_101_300,category_rate_threshold,10000,40000,6087,24358,0.60895,0.60895,1.0,0.7569532925199663,1.0,40000,1.0,1.0,0.7569532925199663,0.7569532925199663,1.6421709499958945,a1135b61e55865d97bb4b42fa05ade28890bd4ee87e5215c64289f4598a5bda3
gcd_F_G_eq1,factor_signature,non_orbit,square_1_100,square_101_300,category_rate_threshold,10000,40000,4047,16248,0.4062,0.9857959961868447,0.6364475627769571,0.7735058717929538,2.426873451961705,10490,0.9796191067059377,1.0186467235238799,0.523839872600617,0.5440091096959218,,60f3881ac11f1effa18de9304e99040b68f94654e854a4274c5e0a6570c8ddcd
gcd_F_G_eq1,be_pair24,non_orbit,square_1_100,square_101_300,category_rate_threshold,10000,40000,4047,16248,0.4062,0.9133734330204059,1.0,0.9547257396362783,2.2485805835066612,17789,0.9999448459929536,1.0362786076246207,0.5506604035509315,0.5742182913943568,,150ef70862536e352420308805fa33c437429d27b14feeed51a30fc542c1185f
gcd_F_G_eq1,derived_scalar24,non_orbit,square_1_100,square_101_300,category_rate_threshold,10000,40000,4047,16248,0.4062,0.9133734330204059,1.0,0.9547257396362783,2.2485805835066612,17789,1.001961875380161,1.0215026303692731,0.5781076513253955,0.5865068765115692,,668f9952a75463ce503f54a3875390f9fece1a00b0f83a3039298f79c7ddafd2
gcd_F_G_eq1,b_only24,non_orbit,square_1_100,square_101_300,category_rate_threshold,10000,40000,4047,16248,0.4062,0.8124,1.0,0.8964908408739792,2.0,20000,1.0,1.0,0.5777272080785094,0.5777272080785094,,02618d5557ebfb59b1d2ca773180924c2fc26b16f11c15430cc5e0c54cb88685
gcd_F_G_eq1,qa_orbit_id24,orbit,square_1_100,square_101_300,category_rate_threshold,10000,40000,4047,16248,0.4062,0.6092923838452019,1.0,0.7572177560293604,1.499981250234372,26667,1.0010101657353734,1.0142244985927635,0.5781412504119496,0.5835473270242606,,fe8e1eeb770cdaf1e009d59ef8faca1ac8408c263a3c62713e5a55c87ece537a
gcd_F_G_eq1,be_pair9,non_orbit,square_1_100,square_101_300,category_rate_threshold,10000,40000,4047,16248,0.4062,0.4575483652952606,1.0,0.6278328406653916,1.1264115344541128,35511,0.9996876027477457,1.0106719490044098,0.5768323857730197,0.579739507959479,,2082a636a222b45870f1f38bad84225481f515aa680c5cef81cc2556c212ed73
gcd_F_G_eq1,derived_scalar9,non_orbit,square_1_100,square_101_300,category_rate_threshold,10000,40000,4047,16248,0.4062,0.4575483652952606,1.0,0.6278328406653916,1.1264115344541128,35511,1.0,1.0,0.5777272080785094,0.5777272080785094,,84a9aa32fb973013ec68fa460a6e07df3044218cc755be7b6f002e81768f9f43
gcd_F_G_eq1,qa_orbit_family9,orbit,square_1_100,square_101_300,category_rate_threshold,10000,40000,4047,16248,0.4062,0.4575483652952606,1.0,0.6278328406653916,1.1264115344541128,35511,1.0,1.0,0.5777272080785094,0.5777272080785094,,8bef58d3e21a57546a168cb90bb7bd4695b56f4d1bce19f74f3031de3217748e
gcd_F_G_eq1,qa_orbit_id9,orbit,square_1_100,square_101_300,category_rate_threshold,10000,40000,4047,16248,0.4062,0.4575483652952606,1.0,0.6278328406653916,1.1264115344541128,35511,1.0,1.0,0.5777272080785094,0.5777272080785094,,4c9dbfa00b1096ec2e805c72cc6a0fda314d903998acf46e4984e3743ecd85b3
gcd_F_G_eq1,b_only9,non_orbit,square_1_100,square_101_300,category_rate_threshold,10000,40000,4047,16248,0.4062,0.4195224719101124,0.919190054160512,0.576107082240395,1.0327978136634968,35600,1.0,1.0,0.5777272080785094,0.5777272080785094,,bf3cb24d420ef71480b405466dc1bb3710621a5ed393164ed12a4a7a33fcbf75
gcd_F_G_eq1,qa_orbit_family24,orbit,square_1_100,square_101_300,category_rate_threshold,10000,40000,4047,16248,0.4062,0.41264761904761904,1.0,0.5842187584272692,1.0158730158730158,39375,1.0000641025641026,1.001602564102564,0.5777535319723703,0.578385305425032,,2892622ec6c654e68d304a9ee13ef2d99923e9180a62c796b064fc51e8b07116
gcd_F_G_eq1,e_only9,non_orbit,square_1_100,square_101_300,category_rate_threshold,10000,40000,4047,16248,0.4062,0.4062,1.0,0.5777272080785094,1.0,40000,1.0,1.0,0.5777272080785094,0.5777272080785094,,b79e3f9c66c7e3effde114f675aff5927a0b6ee731cac9783421638bab45525f
gcd_F_G_eq1,e_only24,non_orbit,square_1_100,square_101_300,category_rate_threshold,10000,40000,4047,16248,0.4062,0.4062,1.0,0.5777272080785094,1.0,40000,1.0,1.0,0.5777272080785094,0.5777272080785094,,db49214d1a9af3bc62b655ec57aae66e72cf54d37ccc7629da451c7d7c255ffa
gcd_DplusF_XplusF_gt1,be_pair24,non_orbit,square_1_100,square_101_300,category_rate_threshold,10000,40000,3913,15642,0.39105,1.0,0.8523846055491625,0.9203106125970664,2.5572177470911646,13333,1.002838764103517,1.0534646801867849,0.5331394568047354,0.562119119200455,,e25c29b587c96f8a97af23ecaf8ff6f91f5ae66b53e8d2fe14644738690430cf
gcd_DplusF_XplusF_gt1,derived_scalar24,non_orbit,square_1_100,square_101_300,category_rate_threshold,10000,40000,3913,15642,0.39105,1.0,0.8523846055491625,0.9203106125970664,2.5572177470911646,13333,0.9929150014064245,1.011526873944474,0.5568139646069485,0.5664488017429194,,dd9c47b3bce3b836daa17c320ea63f7d0d657cdb2e307cad7d78bb44b8fd29a2
gcd_DplusF_XplusF_gt1,qa_orbit_id24,orbit,square_1_100,square_101_300,category_rate_threshold,10000,40000,3913,15642,0.39105,1.0,0.8523846055491625,0.9203106125970664,2.5572177470911646,13333,0.9989218802013474,1.0,0.5615224000401243,0.5622371589806262,,1a6425814599434273ca8da2a408406452ebdb3783c9516bf60f4a72795fdc78
gcd_DplusF_XplusF_gt1,factor_signature,non_orbit,square_1_100,square_101_300,category_rate_threshold,10000,40000,3913,15642,0.39105,0.9688773200543233,0.5473085283211866,0.6994852520630771,2.477630277597042,8836,1.0149349198072397,1.0550518878104365,0.5248773462653776,0.5459932951227425,,5bc442ad63a47e8c65a9e4f41903b7990825c0154148507d6b0027e6de96df76
gcd_DplusF_XplusF_gt1,b_only24,non_orbit,square_1_100,square_101_300,category_rate_threshold,10000,40000,3913,15642,0.39105,0.5451503759398496,0.9270553637642245,0.6865678708394488,1.3940682161868037,26600,1.0,1.0,0.5622371589806262,0.5622371589806262,,6aa9ef9868b751386e0f441836bcc7c08c5c5dc83fdb0d67d87d8c321b2393a9
gcd_DplusF_XplusF_gt1,e_only24,non_orbit,square_1_100,square_101_300,category_rate_threshold,10000,40000,3913,15642,0.39105,0.5451503759398496,0.9270553637642245,0.6865678708394488,1.3940682161868037,26600,1.0,1.0,0.5622371589806262,0.5622371589806262,,391a3bb414509b5b2efe81ea14fed5e3607f063ba284e9aaa3fc9e0e8f9961a0
gcd_DplusF_XplusF_gt1,derived_scalar9,non_orbit,square_1_100,square_101_300,category_rate_threshold,10000,40000,3913,15642,0.39105,0.39995565901784724,0.9226441631504922,0.5580172447125237,1.0227737092899813,36084,1.0000945790359734,1.0047289517986742,0.562210303526989,0.5622371589806262,,733ff7c33942271f2529f41a51121cc5818d566bd203f7268f023a8511391176
gcd_DplusF_XplusF_gt1,be_pair9,non_orbit,square_1_100,square_101_300,category_rate_threshold,10000,40000,3913,15642,0.39105,0.3989025606917193,0.9202148062907557,0.5565479642732861,1.020080707560975,36084,0.9992636262468026,1.0044011874117105,0.5609937771015356,0.5622371589806262,,e5293f205a92a94be74cff9be84e28de3975316300365c8d375e10acd7e0c645
gcd_DplusF_XplusF_gt1,b_only9,non_orbit,square_1_100,square_101_300,category_rate_threshold,10000,40000,3913,15642,0.39105,0.39105,1.0,0.5622371589806262,1.0,40000,1.0,1.0,0.5622371589806262,0.5622371589806262,,ad894116c975af6cd5b79e290305e0c1722fbe8ccf264a5d213d93927072dd1a
gcd_DplusF_XplusF_gt1,e_only9,non_orbit,square_1_100,square_101_300,category_rate_threshold,10000,40000,3913,15642,0.39105,0.39105,1.0,0.5622371589806262,1.0,40000,1.0,1.0,0.5622371589806262,0.5622371589806262,,9f6090be1e638c91c892a75a5046aa1be35f4abef4ea4befe4ff8678acf32a89
gcd_DplusF_XplusF_gt1,qa_orbit_family9,orbit,square_1_100,square_101_300,category_rate_threshold,10000,40000,3913,15642,0.39105,0.39105,1.0,0.5622371589806262,1.0,40000,0.9996185376102885,1.0,0.5619848375712011,0.5622371589806262,,67bd25cadc3ba8b413f22f3b475b93263cbea6ad8b78782a948ca26fe3b6f3ac
gcd_DplusF_XplusF_gt1,qa_orbit_id9,orbit,square_1_100,square_101_300,category_rate_threshold,10000,40000,3913,15642,0.39105,0.39105,1.0,0.5622371589806262,1.0,40000,1.0,1.0,0.5622371589806262,0.5622371589806262,,1b0d713ad51631353b289cc8be8a4de2b4871f13def7981bfea6b58bef8deafc
gcd_DplusF_XplusF_gt1,qa_orbit_family24,orbit,square_1_100,square_101_300,category_rate_threshold,10000,40000,3913,15642,0.39105,0.39105,1.0,0.5622371589806262,1.0,40000,0.9989580572642303,1.0,0.5615469345420593,0.5622371589806262,,331fd10e98e384a5d434b3f8999a9b0ac800f267809e6ac9b72fc6b60db468dc
directrix_kernel3_nontrivial,factor_signature,non_orbit,square_1_100,square_101_300,category_rate_threshold,10000,40000,767,778,0.01945,0.502606882168926,0.6195372750642674,0.5549798503166379,25.84097080560031,959,1.3342535925372874,3.268857473778517,0.039463873316533365,0.0974143114852676,51.41388174807199,2d833ff5f3295f1a286f3357d6b7f5fff79011f21b0505abe0a4e61b7eb4bd4b
directrix_kernel3_nontrivial,qa_orbit_family24,orbit,square_1_100,square_101_300,category_rate_threshold,10000,40000,767,778,0.01945,0.1952,0.15681233933161953,0.17391304347826086,10.035989717223652,625,0.9400104537434256,1.0,0.03586503493536753,0.0381578302025602,51.41388174807199,c68642f8d94bba89aa5f9c9881d19aaf340bb76165bb52da9dea81a5c3cf6dce
directrix_kernel3_nontrivial,derived_scalar24,non_orbit,square_1_100,square_101_300,category_rate_threshold,10000,40000,767,778,0.01945,0.10834031852472757,0.6645244215938303,0.18630630630630632,5.570196325178796,4772,0.9768503154238535,1.6691452538591096,0.03603163323396516,0.061658031088082904,51.41388174807199,7f27696ab380d633972bce96a0da2e89e8b43a04e6fa7cde8192b1d8065bc719
directrix_kernel3_nontrivial,qa_orbit_id24,orbit,square_1_100,square_101_300,category_rate_threshold,10000,40000,767,778,0.01945,0.10721710721710721,0.4640102827763496,0.1741857659831122,5.512447671830706,3367,0.9585965684073142,1.2973815787079137,0.035960757935222534,0.04832185415983383,51.41388174807199,d55b41be0c488b94aa7500f5a9e7f8fdf256398c49bce336ad82e5096cbee0fe
directrix_kernel3_nontrivial,be_pair24,non_orbit,square_1_100,square_101_300,category_rate_threshold,10000,40000,767,778,0.01945,0.10486634681288554,0.589974293059126,0.17807953443258973,5.391585954390003,4377,0.992925755975989,1.433366574950209,0.035658076813836835,0.04964038922577915,51.41388174807199,9de36164ce67188bbb00ce1faeebd1b8363535acb7214278e4b99b2eccb7caa6
directrix_kernel3_nontrivial,be_pair9,non_orbit,square_1_100,square_101_300,category_rate_threshold,10000,40000,767,778,0.01945,0.09174049728493855,0.41259640102827766,0.15010521393500117,4.716735078917149,3499,0.9515954190140564,1.38803317116007,0.035157242368311976,0.050394240658210486,51.41388174807199,19281145a061833c93c90241467d3672bcf33a83bd16ba37fdcf29313cd4523c
directrix_kernel3_nontrivial,derived_scalar9,non_orbit,square_1_100,square_101_300,category_rate_threshold,10000,40000,767,778,0.01945,0.07640899977723324,0.44087403598971725,0.13024492120751852,3.9284832790351283,4489,0.9576354323362759,1.596625696322046,0.03579708981977915,0.05981485877047235,51.41388174807199,7cc1c6b75dc622cd4be88ca65c6a723f5cf3f8adc10f5e6a945059b0680366f7
directrix_kernel3_nontrivial,qa_orbit_family9,orbit,square_1_100,square_101_300,category_rate_threshold,10000,40000,767,778,0.01945,0.07640899977723324,0.44087403598971725,0.13024492120751852,3.9284832790351283,4489,0.8839390992829022,1.0,0.03370937230680269,0.0381578302025602,51.41388174807199,3d503e9351a17f65fd98226741b51b3178c49b7eb222be0c7991cfb27b8ac1ee
directrix_kernel3_nontrivial,qa_orbit_id9,orbit,square_1_100,square_101_300,category_rate_threshold,10000,40000,767,778,0.01945,0.07640899977723324,0.44087403598971725,0.13024492120751852,3.9284832790351283,4489,0.8869558639414947,1.1610820957039691,0.0337351234083768,0.04395376919096084,51.41388174807199,6a627649218a00f549ea7cb43362796a8200519ffdef99dbae9c59feae3cd27c
directrix_kernel3_nontrivial,b_only24,non_orbit,square_1_100,square_101_300,category_rate_threshold,10000,40000,767,778,0.01945,0.052794117647058825,0.461439588688946,0.0947479546054368,2.7143505216996826,6800,0.9927740918340678,1.4097354672858446,0.037254596629940184,0.05263701104345134,51.41388174807199,966d95244faf6c3c36e0a57e255d963f7542bf647ff9ea2878fd01aecaf2cc05
directrix_kernel3_nontrivial,e_only9,non_orbit,square_1_100,square_101_300,category_rate_threshold,10000,40000,767,778,0.01945,0.035454545454545454,0.40102827763496146,0.06514930048026728,1.822855807431643,8800,1.0102347801905418,1.2391323185349934,0.03824079033497231,0.04630516145878667,51.41388174807199,dc2938a6afe972a5a0d5a34ce0256dc15d44de51f248a781e7336295393a5bd9
directrix_kernel3_nontrivial,b_only9,non_orbit,square_1_100,square_101_300,category_rate_threshold,10000,40000,767,778,0.01945,0.03328358208955224,0.5732647814910026,0.06291437438284665,1.7112381537044854,13400,1.0189868557148836,1.2853470437017998,0.038606538435381435,0.048307076333884584,51.41388174807199,36ddc7ff682c99aa28a29b36e012fad71a52f947ca9ee9fd899b493c5b3eaa9f
directrix_kernel3_nontrivial,e_only24,non_orbit,square_1_100,square_101_300,category_rate_threshold,10000,40000,767,778,0.01945,0.028170731707317074,0.2969151670951157,0.051459122298953,1.448366668756662,8200,1.0138144616111278,1.3070275962461673,0.038014850800376004,0.048567153872712626,51.41388174807199,75a2c3c60abe96ea15b24263a71b19812357e7423c137b82ef78cc7711b94b7f
directrix_distance_integer,factor_signature,non_orbit,square_1_100,square_101_300,category_rate_threshold,10000,40000,867,778,0.01945,0.4979757085020243,0.6323907455012854,0.5571913929784824,25.60286419033544,988,1.2468534824182256,2.4714150224011595,0.038014769443308054,0.07331628303495312,51.41388174807199,8e28e5bbc0c6ada80f718e76e7a8dd3d94290bb76cc010aef652b2a72da445c3
directrix_distance_integer,derived_scalar24,non_orbit,square_1_100,square_101_300,category_rate_threshold,10000,40000,867,778,0.01945,0.10834031852472757,0.6645244215938303,0.18630630630630632,5.570196325178796,4772,1.05823598784798,1.7864512687364527,0.03926885249810844,0.06638288080994016,51.41388174807199,b1e5f70449619f10d0106c68dc05717988436c3dac105036ec70b8530789f09e
directrix_distance_integer,be_pair24,non_orbit,square_1_100,square_101_300,category_rate_threshold,10000,40000,867,778,0.01945,0.09450337512054002,0.6298200514138818,0.16434680529934595,4.8587853532411325,5185,0.9707403929999039,1.5147309395752813,0.034111948023313104,0.05309959349593496,51.41388174807199,c3bf6173f999153732a593ca12a1ebbd7908da120fd923e5776661acfa67a575
directrix_distance_integer,be_pair9,non_orbit,square_1_100,square_101_300,category_rate_threshold,10000,40000,867,778,0.01945,0.08636706000502134,0.442159383033419,0.1445074564167192,4.440465810026804,3983,0.9985023412735005,1.4495690551996314,0.03706873118154362,0.05304473744379239,51.41388174807199,35b143f435f6006855d72b63fe6951aa85e1f57cf49b0519ba4c4688bf9f4940
directrix_distance_integer,qa_orbit_id24,orbit,square_1_100,square_101_300,category_rate_threshold,10000,40000,867,778,0.01945,0.085,0.5462724935732648,0.14710972654897891,4.370179948586119,5000,0.9932360121152338,1.4035358820896455,0.03736010377494665,0.05239404471650153,51.41388174807199,a65609381ec35432eca10f55620a393354e339dbfdf2a0cc277e9c02e029d426
directrix_distance_integer,qa_orbit_family9,orbit,square_1_100,square_101_300,category_rate_threshold,10000,40000,867,778,0.01945,0.07640899977723324,0.44087403598971725,0.13024492120751852,3.9284832790351283,4489,0.9213026598192875,1.0,0.03514240480898262,0.0381578302025602,51.41388174807199,a15f746e0e96988a87bfcb5ac65d426a184f2f4d63f96907dc6177f271b45840
directrix_distance_integer,qa_orbit_id9,orbit,square_1_100,square_101_300,category_rate_threshold,10000,40000,867,778,0.01945,0.07640899977723324,0.44087403598971725,0.13024492120751852,3.9284832790351283,4489,0.9153595138031494,1.1610820957039691,0.03487977172240883,0.04395376919096084,51.41388174807199,e960820afc34e375006c35152577851cbbd68e1d0ae7935373e1954661b489e6
directrix_distance_integer,derived_scalar9,non_orbit,square_1_100,square_101_300,category_rate_threshold,10000,40000,867,778,0.01945,0.07165109034267912,0.5025706940874036,0.12542101042502005,3.6838606859989267,5457,0.9913019331201472,1.5494210684841312,0.03720705429017513,0.057820995399414474,51.41388174807199,b33c4886665da03278a58c8e3ead8123e21a7c5286cff483892bed0faf42dcc0
directrix_distance_integer,b_only24,non_orbit,square_1_100,square_101_300,category_rate_threshold,10000,40000,867,778,0.01945,0.052794117647058825,0.461439588688946,0.0947479546054368,2.7143505216996826,6800,0.9787871483305729,1.2717145750564776,0.03682525806108249,0.0480535727426595,51.41388174807199,7222c62b8932ae05b11ef0469fb6c586a91474b9a3a3a9b6bcffe03e7413e7bb
directrix_distance_integer,b_only9,non_orbit,square_1_100,square_101_300,category_rate_threshold,10000,40000,867,778,0.01945,0.03328358208955224,0.5732647814910026,0.06291437438284665,1.7112381537044854,13400,0.9798380277099707,1.1790401453505228,0.03716222440733392,0.044561326612608664,51.41388174807199,19aa72be4e68f6d70212deaeeca99862a041dc0a2b5858084c424a8cd2a343ee
directrix_distance_integer,e_only9,non_orbit,square_1_100,square_101_300,category_rate_threshold,10000,40000,867,778,0.01945,0.03147727272727273,0.3560411311053985,0.057840885362288576,1.6183687777518114,8800,0.977810866253975,1.2220389057284273,0.03709687408619226,0.046196243382406264,51.41388174807199,dfd3f557e147b89660de54abfaaae7881803ad15c3c504b8816d5e67549af32d
directrix_distance_integer,e_only24,non_orbit,square_1_100,square_101_300,category_rate_threshold,10000,40000,867,778,0.01945,0.028877551020408163,0.36375321336760924,0.053507279258839094,1.4847069933371808,9800,1.0177045852016222,1.3207235678403813,0.0383201885584557,0.0496058109664275,51.41388174807199,d12fea10b4324f7bc6259008f9181fb0db68002f8fa4366fee263c8685f9db3e
directrix_distance_integer,qa_orbit_family24,orbit,square_1_100,square_101_300,category_rate_threshold,10000,40000,867,778,0.01945,0.01945,1.0,0.0381578302025602,1.0,40000,0.919862482443905,1.0,0.035094286898198684,0.0381578302025602,51.41388174807199,1cf9a7bcf4b029c178efe4b298df72cecdc38362e55bc8c58ca6a0fcaa4f5bb1
DplusF_squarefree_xor_XplusF_squarefree,factor_signature,non_orbit,square_1_100,square_101_300,category_rate_threshold,10000,40000,467,1954,0.04885,0.16455696202531644,0.12640736949846468,0.14298118668596238,3.368617441664615,1501,0.8153083239667533,1.3213752370085743,0.033489839865133465,0.051948051948051945,,04ea6807159c140f0b4c804f571d8bc6edcb1799496d514f2df470c9c4b559fb
DplusF_squarefree_xor_XplusF_squarefree,be_pair24,non_orbit,square_1_100,square_101_300,category_rate_threshold,10000,40000,467,1954,0.04885,0.07536656891495601,0.263050153531218,0.1171643492135856,1.5428161497432142,6820,1.0089625532555317,1.2108229465659308,0.07303433140807154,0.08698008399945807,,2646da3a0bb0add8ad49152cb06fa4a187fbf87f033f88a2ada447513a849876
DplusF_squarefree_xor_XplusF_squarefree,e_only24,non_orbit,square_1_100,square_101_300,category_rate_threshold,10000,40000,467,1954,0.04885,0.07343283582089552,0.503582395087001,0.1281750683860883,1.5032310301104508,13400,1.0116956125714969,1.317057017279788,0.08609389385100868,0.11251125112511248,,81b11ef9fe05daf3b36728a51387e3f17bc4804c12c80478d4dc75df23619af6
DplusF_squarefree_xor_XplusF_squarefree,derived_scalar24,non_orbit,square_1_100,square_101_300,category_rate_threshold,10000,40000,467,1954,0.04885,0.07278601292284302,0.39201637666325484,0.12277608591120372,1.4899900291267762,10524,0.9582585724560776,1.3165975327263915,0.0768354582621646,0.106687620045399,,947e39010cbcbc4f57415379192fe3de602822b5b20a9d00f614b9d0123a01d1
DplusF_squarefree_xor_XplusF_squarefree,qa_orbit_id24,orbit,square_1_100,square_101_300,category_rate_threshold,10000,40000,467,1954,0.04885,0.07247241276468834,0.6218014329580348,0.1298146268497249,1.483570373893313,16765,0.9509607471847814,1.4528161416141394,0.08060342876298023,0.12440735824009104,,6f55e619805e7ff52ebdc2059d7cee0b8f3ece1b97490c27fe50fdcb3357f511
DplusF_squarefree_xor_XplusF_squarefree,b_only24,non_orbit,square_1_100,square_101_300,category_rate_threshold,10000,40000,467,1954,0.04885,0.0723469387755102,0.36284544524053225,0.12063978220180363,1.4810018173082948,9800,1.0030229062470923,1.21323780279768,0.08610857179275361,0.10487200660611065,,29018a9dac5a58797e40439b3c92da9369d94ae728843619780dd2b6a80d4b7f
DplusF_squarefree_xor_XplusF_squarefree,derived_scalar9,non_orbit,square_1_100,square_101_300,category_rate_threshold,10000,40000,467,1954,0.04885,0.057045454545454545,0.2569089048106448,0.09336061000557931,1.1677677491392948,8800,1.0705147086967235,1.1935969300173586,0.08932654203019474,0.10112817724616012,,1cbd101e2632bfcfab2eb3f82aae373fb0dd7eea0a3d9e9b3b4f89e99d510833
DplusF_squarefree_xor_XplusF_squarefree,qa_orbit_id9,orbit,square_1_100,square_101_300,category_rate_threshold,10000,40000,467,1954,0.04885,0.05578041993422717,0.6770726714431935,0.10306949205359925,1.141871441847025,23718,1.0122660501258753,1.141871441847025,0.09104653621053613,0.10431068997731216,,fa93728c49ad54807d2c1dcdd81b937b68f5401f01f0d59ffac63a951222be53
DplusF_squarefree_xor_XplusF_squarefree,be_pair9,non_orbit,square_1_100,square_101_300,category_rate_threshold,10000,40000,467,1954,0.04885,0.05529172320217096,0.2502558853633572,0.09057232820892756,1.13186741457873,8844,0.9941857256514192,1.1514978173534005,0.0792929520378219,0.0930561698363556,,af8c22bf6baee5fb4fac5f909ebee0ff6f9b8368f6745f1ae92d997ab0aa3319
DplusF_squarefree_xor_XplusF_squarefree,e_only9,non_orbit,square_1_100,square_101_300,category_rate_threshold,10000,40000,467,1954,0.04885,0.05528409090909091,0.49795291709314227,0.09951927994272271,1.131711175211687,17600,1.0021176349066947,1.1747464408672188,0.0883067076165282,0.10073909081704971,,3ea5a174522f7202746e32518d30b9192488960dfde1de51b25ee7b359628f35
DplusF_squarefree_xor_XplusF_squarefree,qa_orbit_family9,orbit,square_1_100,square_101_300,category_rate_threshold,10000,40000,467,1954,0.04885,0.05502520345808341,1.0,0.10431068997731216,1.126411534454113,35511,1.0470621620526666,1.126411534454113,0.0973075129245669,0.10431068997731216,,ce56f331077457c38478f1c7cd37c208a1c475760c63c3ecfdeabf3b9992818e
DplusF_squarefree_xor_XplusF_squarefree,b_only9,non_orbit,square_1_100,square_101_300,category_rate_threshold,10000,40000,467,1954,0.04885,0.054488636363636364,0.4907881269191402,0.09808734785721591,1.1154275611798643,17600,0.9926194878210443,1.1477464837325912,0.08771342275999856,0.1010428267692619,,ed5cca63d91fe1bf5761aa92c04862bd01fe3084e5703eb7c48b0192a408649f
DplusF_squarefree_xor_XplusF_squarefree,qa_orbit_family24,orbit,square_1_100,square_101_300,category_rate_threshold,10000,40000,467,1954,0.04885,0.04962539682539682,1.0,0.09455830046698444,1.0158730158730158,39375,1.008880617316905,1.0158730158730158,0.09393779027999692,0.09455830046698444,,a0208bfb743edf246bf4d97e5836c33daab6d316c0d6b3d0c530382ba64686a1
DplusF_semiprime_xor_XplusF_semiprime,factor_signature,non_orbit,square_1_100,square_101_300,category_rate_threshold,10000,40000,3053,12042,0.30105,1.0,0.6604384653712008,0.7954988747186796,3.321707357581797,7953,0.9540692020282475,1.021244505075109,0.3974932131154521,0.424362504181355,,224785728a07eb50e0cbc3ac854ab40382bc07610191dcbb4e9cbf82a8da4311
DplusF_semiprime_xor_XplusF_semiprime,derived_scalar24,non_orbit,square_1_100,square_101_300,category_rate_threshold,10000,40000,3053,12042,0.30105,0.4518535521634339,0.9808171400099651,0.6186846861004164,1.5009252687707488,26139,1.0020743193623518,1.0352502717531964,0.4596448012529364,0.475217048145225,,a6dcd5f2107e261c8decab3be04993e88e99deb1b9dce07409f51a918a2d9519
DplusF_semiprime_xor_XplusF_semiprime,qa_orbit_id24,orbit,square_1_100,square_101_300,category_rate_threshold,10000,40000,3053,12042,0.30105,0.4515693553830577,1.0,0.6221808881655428,1.4999812502343721,26667,1.0023358908186764,1.017967119662035,0.4636089471651231,0.4691444600280505,,1f8e870ece40665556df3f3a2458ebe1a0e08e50f3ddab9430675ab5c2156449
DplusF_semiprime_xor_XplusF_semiprime,be_pair24,non_orbit,square_1_100,square_101_300,category_rate_threshold,10000,40000,3053,12042,0.30105,0.4510592167667916,0.8292642418202957,0.58430121997601,1.4982867190393345,22139,0.9953734213999639,1.0345939347972322,0.42133624307391293,0.4509160953014286,,870e4c7bf090a9e960e5e048e23e500449cb6067cdb3bd92cc4799e3fc41df95
DplusF_semiprime_xor_XplusF_semiprime,b_only24,non_orbit,square_1_100,square_101_300,category_rate_threshold,10000,40000,3053,12042,0.30105,0.398,0.6610197641587776,0.4968478871481181,1.3220395283175554,20000,1.0,1.0,0.4627800622574074,0.4627800622574074,,2a6b0af33073c97c414e0e29e2aa47b0cd823960fd8836675d73ed1c8a1152d9
DplusF_semiprime_xor_XplusF_semiprime,e_only24,non_orbit,square_1_100,square_101_300,category_rate_threshold,10000,40000,3053,12042,0.30105,0.39328703703703705,0.7054476000664341,0.5050234825515725,1.3063844445674708,21600,1.0,1.0,0.4627800622574074,0.4627800622574074,,9e7b1b2c17e37b8c9ae3c49d90bd6eaf1d23ac5cfa0bd4dd333cc5fdcb6477e0
DplusF_semiprime_xor_XplusF_semiprime,derived_scalar9,non_orbit,square_1_100,square_101_300,category_rate_threshold,10000,40000,3053,12042,0.30105,0.33910619244741064,1.0,0.5064664689924926,1.1264115344541128,35511,0.9992581292054409,1.0,0.4617951568649152,0.4627800622574074,,6a616e7a769a350feece6c8a5679b3432dce1c29e456e04b4e859b53bf2ba18f
DplusF_semiprime_xor_XplusF_semiprime,qa_orbit_family9,orbit,square_1_100,square_101_300,category_rate_threshold,10000,40000,3053,12042,0.30105,0.33910619244741064,1.0,0.5064664689924926,1.1264115344541128,35511,1.0,1.0,0.4627800622574074,0.4627800622574074,,7cf78b620f4b22b8851ab4e0c36658307f6f128a136a8bafe7a5397c476a9031
DplusF_semiprime_xor_XplusF_semiprime,qa_orbit_id9,orbit,square_1_100,square_101_300,category_rate_threshold,10000,40000,3053,12042,0.30105,0.33910619244741064,1.0,0.5064664689924926,1.1264115344541128,35511,1.0,1.0,0.4627800622574074,0.4627800622574074,,a2941b992d75264c73933a0af3ada3f309ee44ee9ee77cb3f3fce04f6b111693
DplusF_semiprime_xor_XplusF_semiprime,be_pair9,non_orbit,square_1_100,square_101_300,category_rate_threshold,10000,40000,3053,12042,0.30105,0.33879578610785965,0.9854675303105797,0.5042384584333639,1.1253804554321862,35027,0.9994467340161722,1.0238581936744104,0.45800890844391845,0.4681794574727338,,f5b117e9a626240837a0447c3b34b5744af52357b88c9d14c65738bda9aad2df
DplusF_semiprime_xor_XplusF_semiprime,e_only9,non_orbit,square_1_100,square_101_300,category_rate_threshold,10000,40000,3053,12042,0.30105,0.32022435897435897,0.8296794552399933,0.4620970352897646,1.0636916092820428,31200,1.0,1.0,0.4627800622574074,0.4627800622574074,,eecf7ad5bec4bf151f9a99b115f806ed1ab4cd90e319b6ce3cb3bf31a3c713e7
DplusF_semiprime_xor_XplusF_semiprime,qa_orbit_family24,orbit,square_1_100,square_101_300,category_rate_threshold,10000,40000,3053,12042,0.30105,0.30582857142857145,1.0,0.46840539121302294,1.015873015873016,39375,1.000448717948718,1.001602564102564,0.46293961088789826,0.46334987879487477,,c4c4d94198f65c68d498979b9983f678e0be555857495541123b95ac25b31cd5
DplusF_semiprime_xor_XplusF_semiprime,b_only9,non_orbit,square_1_100,square_101_300,category_rate_threshold,10000,40000,3053,12042,0.30105,0.30105,1.0,0.4627800622574074,1.0,40000,1.0,1.0,0.4627800622574074,0.4627800622574074,,b14de7d532807cf180407f87cb74abcc671df9080cb3fece1d73b180be459553
