target,target_class,feature_set,feature_kind,train_window,test_window,model,train_positive_rows,test_positive_rows,test_base_rate,precision,recall,f1,observed_lift,predicted_positive,null_lift_mean,null_lift_max,null_f1_mean,null_f1_max,hash
t2_X_omega_same,non_circular_dynamic,dynamic_factor_signature,non_orbit,square_1_100,square_101_300,category_rate_threshold,1424,5548,0.1387,0.857008907641819,0.6589762076423936,0.7450580802934583,6.17886739467786,4266,1.080433876324063,1.6054510190196698,0.17137748211538745,0.2638239339752407,e2d5148d416525eddbedcea1841f26579e379ec6e46f95b8c0352bcd2b4774a7
t2_X_omega_same,non_circular_dynamic,be_pair24,non_orbit,square_1_100,square_101_300,category_rate_threshold,1424,5548,0.1387,0.23748338502436864,0.4830569574621485,0.3184221469732074,1.7122089763833357,11285,1.0022228781454892,1.079764276288511,0.20312725425928024,0.2187129511073173,fb3a6c4d52198908a58320be23828e2951f083321b3791426aa10f5ef9750286
t2_X_omega_same,non_circular_dynamic,current_factor_signature,non_orbit,square_1_100,square_101_300,category_rate_threshold,1424,5548,0.1387,0.22706077015643802,0.5441600576784427,0.3204202929314371,1.6370639521012116,13296,1.004196978849255,1.195101335502808,0.2290926788730712,0.2730997681288314,ff5ca93e6f7aa23ba4d87906ca7c94960c2a0ef4c777a608f61a85f4a60c58f7
t2_X_omega_same,non_circular_dynamic,b_only24,non_orbit,square_1_100,square_101_300,category_rate_threshold,1424,5548,0.1387,0.15862385321100916,0.6232876712328768,0.25288869387158114,1.1436471031795903,21800,0.9988634391134067,1.0567171353040137,0.2367783373733332,0.24738381906155057,8abb6daf9045efb5375a75b42d9a5fd25be395e637ee435be4b808746222230e
t2_X_omega_same,non_circular_dynamic,qa_orbit_id24,orbit,square_1_100,square_101_300,category_rate_threshold,1424,5548,0.1387,0.15795454545454546,0.6263518385003605,0.25228691738057213,1.1388215245461102,22000,1.00340281292008,1.0567848736759837,0.23809991699625976,0.24798667036934186,92c89ac584ada64afcd8dc66c81fabf6c1d36803dad0cadf185c7092103e215e
t2_X_omega_same,non_circular_dynamic,e_only24,non_orbit,square_1_100,square_101_300,category_rate_threshold,1424,5548,0.1387,0.1459090909090909,0.7521629416005768,0.24440670024598804,1.0519761420987088,28600,0.9993400210326077,1.0312596559892884,0.2374783071273306,0.245529784407888,64b9d52742c3720e5931f60b56a150e28cf43d1bda3fad9cbfc9ff85ff1d6177
t2_X_omega_same,non_circular_dynamic,be_pair9,non_orbit,square_1_100,square_101_300,category_rate_threshold,1424,5548,0.1387,0.14483779257701446,0.6703316510454218,0.2382065652522018,1.0442522896684532,25677,1.0023467684744014,1.0409306275153416,0.228824121512863,0.2372641661042008,ed0e7ea769f1fa31bb927941a361ff859a2c1c41c6042902c8dd4a5ae72a4e38
t2_X_omega_same,non_circular_dynamic,qa_orbit_family24,orbit,square_1_100,square_101_300,category_rate_threshold,1424,5548,0.1387,0.13872195512820512,0.9985580389329488,0.2436021458095154,1.0001582922004695,39936,0.9997366088718554,1.0001582922004695,0.2433976890035955,0.24361113550540087,b299f4301933bbe70b1a943d9399b1abbb3bc488fa3f36609afa16eb4afde665
t2_X_omega_same,non_circular_dynamic,b_only9,non_orbit,square_1_100,square_101_300,category_rate_threshold,1424,5548,0.1387,0.1387,1.0,0.24361113550540087,1.0,40000,0.999854366399758,1.013242416466055,0.24217187666016202,0.24361113550540087,972f4b9057208ca3956ea8139d36d2fff2b3c896f23605cc13e93801150b33f5
t2_X_omega_same,non_circular_dynamic,e_only9,non_orbit,square_1_100,square_101_300,category_rate_threshold,1424,5548,0.1387,0.1387,1.0,0.24361113550540087,1.0,40000,1.000547350123826,1.0089105799271625,0.24208716842242253,0.24361113550540087,d9a78aefffa13fb04174b7a08e47fb9025913b2dc5051cdad6b63ed77ae6574c
t2_X_omega_same,non_circular_dynamic,qa_orbit_family9,orbit,square_1_100,square_101_300,category_rate_threshold,1424,5548,0.1387,0.13857677902621723,0.9870223503965393,0.24303213207882124,0.9991116007658056,39516,0.9999785022232295,1.0039045517517104,0.24340257560452433,0.24361113550540087,61f328a8dc88caa821fc9ef65a3d338d89e801faf87987b7b0de2a128a9f80d5
t2_X_omega_same,non_circular_dynamic,qa_orbit_id9,orbit,square_1_100,square_101_300,category_rate_threshold,1424,5548,0.1387,0.13857677902621723,0.9870223503965393,0.24303213207882124,0.9991116007658056,39516,0.9997582673107243,1.0039045517517104,0.2433563146640519,0.24361113550540087,4b15a45b79667e1a619cbecd5534279a1f7e5165c1f8e39fea575ed1b61dd9e0
t2_X_omega_same,non_circular_dynamic,qa_orbit_family9_24,orbit,square_1_100,square_101_300,category_rate_threshold,1424,5548,0.1387,0.13840616966580976,0.9704397981254506,0.24226061915046795,0.9978815404888953,38900,0.9996925173587425,1.0041556255294508,0.24325802906076077,0.24365928105579832,26bfca97721f2a5dc1601b478030a1359f0f54d2838b19559e7093532fdf0ffc
t2_F_squarefree_same,non_circular_dynamic,current_factor_signature,non_orbit,square_1_100,square_101_300,category_rate_threshold,6179,24759,0.618975,0.8585496479937805,0.8028595662183449,0.8297712472866924,1.3870506046185718,23153,1.0022867198301038,1.0106968167442716,0.7646087644071704,0.7655964947842764,63b0c60d655efc16cdeb49c1fc349a67a5e519f98c0378663b41deefbf03d828
t2_F_squarefree_same,non_circular_dynamic,dynamic_factor_signature,non_orbit,square_1_100,square_101_300,category_rate_threshold,6179,24759,0.618975,0.7962180579216355,0.9438587988206308,0.8637749727402096,1.2863492999259023,29350,1.020197802525693,1.035934869167868,0.7514899454090644,0.7612560116868835,3376d4997daac3b1dcc509fdc9ea43ca944604da0ee923ae50995504d7ab8b06
t2_F_squarefree_same,non_circular_dynamic,be_pair24,non_orbit,square_1_100,square_101_300,category_rate_threshold,6179,24759,0.618975,0.7566633049992797,0.8484995355224363,0.7999543057327266,1.2224456642017523,27764,1.0001544279446195,1.0077066338733371,0.754598809523514,0.7604043462490735,3c1084c84f14dca8188cc086d4bd7f3fc18c6fabb2ba5617e5b5c99cf50066f5
t2_F_squarefree_same,non_circular_dynamic,e_only24,non_orbit,square_1_100,square_101_300,category_rate_threshold,6179,24759,0.618975,0.752781954887218,0.8087564118098469,0.7797659611752565,1.2161750553531532,26600,1.0,1.0,0.7646504732932875,0.7646504732932875,7d299d63d6f0e2bde2e9d6af8490ae3d5cb9147780ce8a146cdfa394e5de7287
t2_F_squarefree_same,non_circular_dynamic,b_only9,non_orbit,square_1_100,square_101_300,category_rate_threshold,6179,24759,0.618975,0.618975,1.0,0.7646504732932875,1.0,40000,1.0,1.0,0.7646504732932875,0.7646504732932875,6dd686d185f32fe2baf24a681f332141b9223a6422ab3434268245c799b80825
t2_F_squarefree_same,non_circular_dynamic,e_only9,non_orbit,square_1_100,square_101_300,category_rate_threshold,6179,24759,0.618975,0.618975,1.0,0.7646504732932875,1.0,40000,1.0,1.0,0.7646504732932875,0.7646504732932875,bf4d3b1ebf170a34f86c475ede5592cdc9ccef1464f40f39bdb95d736927075d
t2_F_squarefree_same,non_circular_dynamic,b_only24,non_orbit,square_1_100,square_101_300,category_rate_threshold,6179,24759,0.618975,0.618975,1.0,0.7646504732932875,1.0,40000,1.0,1.0,0.7646504732932875,0.7646504732932875,2220bdf5ff94a813498b565e4e4874aa3f341c419e44b41ee0da31056d860c45
t2_F_squarefree_same,non_circular_dynamic,be_pair9,non_orbit,square_1_100,square_101_300,category_rate_threshold,6179,24759,0.618975,0.618975,1.0,0.7646504732932875,1.0,40000,1.0,1.0,0.7646504732932875,0.7646504732932875,b0907704886d2e2eb4989c49afc88b7b30ffbf2713feb968a19968a0097d28d4
t2_F_squarefree_same,non_circular_dynamic,qa_orbit_family9,orbit,square_1_100,square_101_300,category_rate_threshold,6179,24759,0.618975,0.618975,1.0,0.7646504732932875,1.0,40000,1.0,1.0,0.7646504732932875,0.7646504732932875,519a51a3d74fd527857e0a67511302f88e5363de3c9c7b980220083d0efb88ae
t2_F_squarefree_same,non_circular_dynamic,qa_orbit_id9,orbit,square_1_100,square_101_300,category_rate_threshold,6179,24759,0.618975,0.618975,1.0,0.7646504732932875,1.0,40000,1.0,1.0,0.7646504732932875,0.7646504732932875,1f2367e500490ec754c43717bad126d761bcfb3c96b1d86fc904f1c1cc12f37b
t2_F_squarefree_same,non_circular_dynamic,qa_orbit_family24,orbit,square_1_100,square_101_300,category_rate_threshold,6179,24759,0.618975,0.618975,1.0,0.7646504732932875,1.0,40000,0.9999802700597865,1.0,0.7646260317229314,0.7646504732932875,dfcb0748b17cd14e4125b829eaa63cd2345eba8df940b3b53e332ba944709957
t2_F_squarefree_same,non_circular_dynamic,qa_orbit_id24,orbit,square_1_100,square_101_300,category_rate_threshold,6179,24759,0.618975,0.618975,1.0,0.7646504732932875,1.0,40000,0.9999605401195731,1.0,0.7646015901525754,0.7646504732932875,3170a77354c1e2a819505768bc0a184f4671f0a96a70606860b5b6ed9f44ee0b
t2_F_squarefree_same,non_circular_dynamic,qa_orbit_family9_24,orbit,square_1_100,square_101_300,category_rate_threshold,6179,24759,0.618975,0.618975,1.0,0.7646504732932875,1.0,40000,0.9999220928485199,1.0,0.7645539198619891,0.7646504732932875,f1df564e3ee7d2b79518e9c00d8dab32e45ea306f69d84f8030822ff041b67da
t1_gcd_X_current_next_gt1,non_circular_dynamic,b_only9,non_orbit,square_1_100,square_101_300,category_rate_threshold,10000,40000,1.0,,,,,,,,,,24f7e9fd63d9fa2c9559c0cb57a866a2e68ee0a9b3f28dd0b07e1b753d496c29
t1_gcd_X_current_next_gt1,non_circular_dynamic,e_only9,non_orbit,square_1_100,square_101_300,category_rate_threshold,10000,40000,1.0,,,,,,,,,,4715c4518c667e857d17ba85b7de4336b90180080e53e38827875832bc7eefe3
t1_gcd_X_current_next_gt1,non_circular_dynamic,b_only24,non_orbit,square_1_100,square_101_300,category_rate_threshold,10000,40000,1.0,,,,,,,,,,5cdd3f9f628d957e90938cdf3607eb40020e947986b18cb72885d9d610941273
t1_gcd_X_current_next_gt1,non_circular_dynamic,e_only24,non_orbit,square_1_100,square_101_300,category_rate_threshold,10000,40000,1.0,,,,,,,,,,2b6e7ebbb8a722a14c000b25b3929231d5971beceade62f5725ee34552814c9c
t1_gcd_X_current_next_gt1,non_circular_dynamic,be_pair9,non_orbit,square_1_100,square_101_300,category_rate_threshold,10000,40000,1.0,,,,,,,,,,71aa7beb38ffe516aff121462b789f7732bed5908a42cb856a2d2100cdd7026a
t1_gcd_X_current_next_gt1,non_circular_dynamic,be_pair24,non_orbit,square_1_100,square_101_300,category_rate_threshold,10000,40000,1.0,,,,,,,,,,25492dda9b3029d20a466d712cf16b0b693c698cbf2064f0eef3ab8bc0af9a83
t1_gcd_X_current_next_gt1,non_circular_dynamic,current_factor_signature,non_orbit,square_1_100,square_101_300,category_rate_threshold,10000,40000,1.0,,,,,,,,,,3b1202be7394e988207844c27888879ff95039017743fa002fb432eb76129ae7
t1_gcd_X_current_next_gt1,non_circular_dynamic,dynamic_factor_signature,non_orbit,square_1_100,square_101_300,category_rate_threshold,10000,40000,1.0,,,,,,,,,,fdf8ac46eb3c009dabbd318c5d079c49bd1b2af40f41e7997476f152c1d43dca
t1_gcd_X_current_next_gt1,non_circular_dynamic,qa_orbit_family9,orbit,square_1_100,square_101_300,category_rate_threshold,10000,40000,1.0,,,,,,,,,,5dde2985d41e093d58d921aba2d7a6650bae1e69d3dc11332799455c566574cc
t1_gcd_X_current_next_gt1,non_circular_dynamic,qa_orbit_id9,orbit,square_1_100,square_101_300,category_rate_threshold,10000,40000,1.0,,,,,,,,,,e7e5774369b533b9d8723fe993eba121e83cf8aa63de2ee214353bafc676c2bb
t1_gcd_X_current_next_gt1,non_circular_dynamic,qa_orbit_family24,orbit,square_1_100,square_101_300,category_rate_threshold,10000,40000,1.0,,,,,,,,,,14e445e45ca0daab84bfc3ab4d0ca1216e1d6f80baedd97c3ad6e620b68ad748
t1_gcd_X_current_next_gt1,non_circular_dynamic,qa_orbit_id24,orbit,square_1_100,square_101_300,category_rate_threshold,10000,40000,1.0,,,,,,,,,,711fe23f3c413f6cf37c4813ea97cbc24605e76af7de49ab5cb4f96a18611569
t1_gcd_X_current_next_gt1,non_circular_dynamic,qa_orbit_family9_24,orbit,square_1_100,square_101_300,category_rate_threshold,10000,40000,1.0,,,,,,,,,,071f6cf43d25d2d1cc4c3f0e23e3c09192fe0992fb0d1c54fc09e0929a10e078
t1_gcd_F_current_next_gt1,non_circular_dynamic,b_only9,non_orbit,square_1_100,square_101_300,category_rate_threshold,5449,21715,0.542875,1.0,0.6170849643103845,0.7632066068631638,1.8420446695832373,13400,1.0,1.0,0.7037187069594101,0.7037187069594102,c705021763a81c2c43625e3e4b11207c48db3b8d4ccf91ba5c3acd9b5c171ebd
t1_gcd_F_current_next_gt1,non_circular_dynamic,be_pair9,non_orbit,square_1_100,square_101_300,category_rate_threshold,5449,21715,0.542875,1.0,0.6170849643103845,0.7632066068631638,1.8420446695832373,13400,1.0,1.0,0.7037187069594101,0.7037187069594102,66dcb85a5608b88b94ca9b8029285e1e6bec613ceb9df915d71d4dd5e9b9d042
t1_gcd_F_current_next_gt1,non_circular_dynamic,be_pair24,non_orbit,square_1_100,square_101_300,category_rate_threshold,5449,21715,0.542875,1.0,0.9210223347916187,0.958887690279276,1.8420446695832373,20000,0.9997390580860903,1.0219441739840425,0.6893170608986035,0.7028887891034276,c490d9916ab0c83e6f7bfa461c8f479b066340fcfdecabc15a65313061ab9f67
t1_gcd_F_current_next_gt1,non_circular_dynamic,qa_orbit_id24,orbit,square_1_100,square_101_300,category_rate_threshold,5449,21715,0.542875,1.0,0.6139995394888326,0.7608422734535495,1.8420446695832373,13333,0.9998920455551817,1.0,0.7036110532275913,0.7037187069594102,c352fad6ddbe23d279867aa7502c98026802a642767ab9025bd34fe49e718e51
t1_gcd_F_current_next_gt1,non_circular_dynamic,current_factor_signature,non_orbit,square_1_100,square_101_300,category_rate_threshold,5449,21715,0.542875,0.775625189615568,0.8241307851715404,0.799142627489506,1.4287362461258448,23073,1.0037507621708714,1.0177177786044693,0.7040581308766805,0.7103098888084743,8ef1ab54a6a835890d9c866138d5abf1cd9827a109a8991c8b5f2feab9667d21
t1_gcd_F_current_next_gt1,non_circular_dynamic,b_only24,non_orbit,square_1_100,square_101_300,category_rate_threshold,5449,21715,0.542875,0.7734586466165414,0.9474556758001381,0.8516609748525302,1.424745377143065,26600,1.0,1.0,0.7037187069594101,0.7037187069594102,6589195a630e6d591abf6b5df24782e9aaae0e5b876097cbd537ce4abb45a2f8
t1_gcd_F_current_next_gt1,non_circular_dynamic,dynamic_factor_signature,non_orbit,square_1_100,square_101_300,category_rate_threshold,5449,21715,0.542875,0.7392751344036865,0.9308772737738891,0.824085776020221,1.361777820683742,27343,1.030415317626048,1.0485860643949643,0.6885186860182789,0.7037049945976089,adda4a347a09d6a81f0bb1d78843bf09efb5982049625adaa68ef1a6b94966ec
t1_gcd_F_current_next_gt1,non_circular_dynamic,e_only9,non_orbit,square_1_100,square_101_300,category_rate_threshold,5449,21715,0.542875,0.542875,1.0,0.7037187069594102,1.0,40000,1.0,1.0,0.7037187069594101,0.7037187069594102,0f117e7b472d5c70cfc6c234b3114b99d224fa00efe45207c270489b52b48b9f
t1_gcd_F_current_next_gt1,non_circular_dynamic,e_only24,non_orbit,square_1_100,square_101_300,category_rate_threshold,5449,21715,0.542875,0.542875,1.0,0.7037187069594102,1.0,40000,1.0,1.0,0.7037187069594101,0.7037187069594102,7c25b09ee0f4b3f3f28ad8699e12b3408265de414db298b09a082f39f177081c
t1_gcd_F_current_next_gt1,non_circular_dynamic,qa_orbit_family9,orbit,square_1_100,square_101_300,category_rate_threshold,5449,21715,0.542875,0.542875,1.0,0.7037187069594102,1.0,40000,1.0,1.0,0.7037187069594101,0.7037187069594102,6f157cf10a2c37cc85ff466e90e2d91a47bc9e30ff865dac050df4b88df0d522
t1_gcd_F_current_next_gt1,non_circular_dynamic,qa_orbit_id9,orbit,square_1_100,square_101_300,category_rate_threshold,5449,21715,0.542875,0.542875,1.0,0.7037187069594102,1.0,40000,1.0,1.0,0.7037187069594101,0.7037187069594102,60557d7af3aa6ef7d26742ec64cbaa063bc19605b3d0cb708969ce2067f6fb43
t1_gcd_F_current_next_gt1,non_circular_dynamic,qa_orbit_family24,orbit,square_1_100,square_101_300,category_rate_threshold,5449,21715,0.542875,0.542875,1.0,0.7037187069594102,1.0,40000,0.9999460227775908,1.0,0.7036648800935008,0.7037187069594102,1fb621f069c7bf4d5e7f2cdcdd201de5ffa9b470590f5399fb0cae1628cd48bc
t1_gcd_F_current_next_gt1,non_circular_dynamic,qa_orbit_family9_24,orbit,square_1_100,square_101_300,category_rate_threshold,5449,21715,0.542875,0.542875,1.0,0.7037187069594102,1.0,40000,0.9998778227003602,1.0,0.7035968296860113,0.7037187069594102,58395e3281f007c825fe0cc1d262de1f49a80dc5cb10fb181fa28f1603e341e4
t1_X_squarefree_flip,non_circular_dynamic,dynamic_factor_signature,non_orbit,square_1_100,square_101_300,category_rate_threshold,2194,8707,0.217675,1.0,0.7685770070058574,0.8691473472303397,4.594004823705065,6692,0.9415703338382039,1.1292764492244627,0.24684655210886167,0.293554208504928,ed515b4acba9dc771d57392cd0eed839e6a73e10ef62ee9d4f4a4e18bd9c8851
t1_X_squarefree_flip,non_circular_dynamic,be_pair24,non_orbit,square_1_100,square_101_300,category_rate_threshold,2194,8707,0.217675,0.5777654046028211,0.7150568508096934,0.639121285223015,2.6542570557152687,10776,1.0045230887579955,1.1346894430427865,0.299566870784487,0.34127463163500804,7577059b60defdbda3dca37954a28c0b3b8dfe9290138cbf527f5acd3151d6e1
t1_X_squarefree_flip,non_circular_dynamic,current_factor_signature,non_orbit,square_1_100,square_101_300,category_rate_threshold,2194,8707,0.217675,0.5356585966352072,0.7496267371080739,0.6248324717595252,2.4608181768012276,12185,0.9884488740584771,1.0894614105700984,0.34321273348973974,0.3783934418615452,05b32ab771960ea1b15733f75c089b2ad3e568fe3cbd83286017327ce9a6a4f0
t1_X_squarefree_flip,non_circular_dynamic,qa_orbit_id24,orbit,square_1_100,square_101_300,category_rate_threshold,2194,8707,0.217675,0.32650841864476693,1.0,0.49228246734890035,1.499981250234372,26667,1.0125013199085688,1.116788117374431,0.35951964743715054,0.39111490432126494,43e7576d44d1da2f7fb20b89b92b8d4927a7738e55fa33577aa158b5668875dc
t1_X_squarefree_flip,non_circular_dynamic,b_only24,non_orbit,square_1_100,square_101_300,category_rate_threshold,2194,8707,0.217675,0.2808974358974359,0.7549098426553348,0.40944342355249624,1.2904441754792046,23400,0.9985418195494025,1.0665399835033462,0.35588310350985336,0.3722413282620083,68742b1e06f8858c7eb8f4458bfc3344d287a6a28ef9c2641bc03de50649aea3
t1_X_squarefree_flip,non_circular_dynamic,be_pair9,non_orbit,square_1_100,square_101_300,category_rate_threshold,2194,8707,0.217675,0.2731753109598686,0.8021132422189043,0.4075511335453564,1.2549686962667672,25566,1.0009657098014972,1.0644261378954043,0.34624070752660424,0.36987466427931964,11dcac8b5e2e91187a81caaad52d5086a2c7403875378ffc348cecd4c199caab
t1_X_squarefree_flip,non_circular_dynamic,e_only24,non_orbit,square_1_100,square_101_300,category_rate_threshold,2194,8707,0.217675,0.26559701492537313,0.8175031583783163,0.40093502689610494,1.2201539677288302,26800,0.9984979221196197,1.0262336817120326,0.35586523151316024,0.3641921582779629,07a0e5d2e47052896fdf02115c072cd8124b1c1f99fe7d5e5a7d5593049101b9
t1_X_squarefree_flip,non_circular_dynamic,qa_orbit_family9_24,orbit,square_1_100,square_101_300,category_rate_threshold,2194,8707,0.217675,0.24912732474964236,1.0,0.3988821952951417,1.1444921316165952,34950,1.00637360990942,1.0268258246694904,0.3593918454065779,0.3653644412739709,723725902dda76bccf23cb9a6c9bbb051509580de6814accfdd77d4687c5a546
t1_X_squarefree_flip,non_circular_dynamic,b_only9,non_orbit,square_1_100,square_101_300,category_rate_threshold,2194,8707,0.217675,0.24669172932330827,0.7536464913288159,0.3717109921545303,1.1333029944794224,26600,1.0,1.0,0.35752561233498265,0.35752561233498265,3e219d3fa16914f229b5169d12cd8de04c80d79ffe51f1f1cbfb9c627161a090
t1_X_squarefree_flip,non_circular_dynamic,qa_orbit_family9,orbit,square_1_100,square_101_300,category_rate_threshold,2194,8707,0.217675,0.245191630762299,1.0,0.39382152064770004,1.1264115344541128,35511,1.0014697843911327,1.012248203259439,0.3579562178046634,0.3611139912489891,5e5e5c2c220bb663560001fcd8bc59e6e7706b8f6edbf6a270ba1640cc93f6e8
t1_X_squarefree_flip,non_circular_dynamic,qa_orbit_id9,orbit,square_1_100,square_101_300,category_rate_threshold,2194,8707,0.217675,0.245191630762299,1.0,0.39382152064770004,1.1264115344541128,35511,1.003429496912643,1.012248203259439,0.35853035843090447,0.3611139912489891,28bcc6106c5868f41677048e1120746e2673cfde3c6e4689786522f4cb0eb91a
t1_X_squarefree_flip,non_circular_dynamic,e_only9,non_orbit,square_1_100,square_101_300,category_rate_threshold,2194,8707,0.217675,0.23441935483870968,0.8346158263466177,0.36603117838164556,1.0769236468988614,31000,1.0,1.0,0.35752561233498265,0.35752561233498265,c51ccb0b4020953eda8e2baefdcab32355741a1b1be9eaf6a9318914832dbde3
t1_X_squarefree_flip,non_circular_dynamic,qa_orbit_family24,orbit,square_1_100,square_101_300,category_rate_threshold,2194,8707,0.217675,0.22113015873015873,1.0,0.36217295453600096,1.0158730158730158,39375,1.003010046758969,1.0158730158730158,0.35840740851516495,0.36217295453600096,8783b4a506abf34d1565cb27ebf78d9af7b43615c4dc97bb20b21986618675e8
t1_X_semiprime_flip,non_circular_dynamic,current_factor_signature,non_orbit,square_1_100,square_101_300,category_rate_threshold,948,2204,0.0551,1.0,0.5453720508166969,0.7058132706987669,18.148820326678766,1202,0.9075978569099644,1.6491105701391102,0.0888308662778015,0.1586047299204154,c9dd4ed6ed3f8616bbd678960034f2f88c4ea4943fefdb56155f4e39616ec1d3
t1_X_semiprime_flip,non_circular_dynamic,dynamic_factor_signature,non_orbit,square_1_100,square_101_300,category_rate_threshold,948,2204,0.0551,1.0,0.8275862068965517,0.9056603773584906,18.148820326678766,1824,1.2043374997530052,2.0563673128991353,0.09086777212258879,0.1532814564674791,0d9cace7508f8715b676e98f722bc27585dda66d582ea65c98d7896c9186d822
t1_X_semiprime_flip,non_circular_dynamic,be_pair24,non_orbit,square_1_100,square_101_300,category_rate_threshold,948,2204,0.0551,0.2518951988296316,0.8593466424682396,0.3895916898076725,4.571600704712006,7519,0.94854835353047,1.3320235102149554,0.08328020769056371,0.11746578446478746,b4c694db16614e190f1a1c13b1adfb95411e18f5217d8cb63aa915b9e864470c
t1_X_semiprime_flip,non_circular_dynamic,be_pair9,non_orbit,square_1_100,square_101_300,category_rate_threshold,948,2204,0.0551,0.11569136158354953,0.5462794918330308,0.19094441360716835,2.0996617347286666,10407,0.9830265205992399,1.1898024448758,0.09687536293318232,0.116670832291927,e6e385089690972070d4c50e8711cb5569ed5c5e75f704b0a81cbde6cda090fe
t1_X_semiprime_flip,non_circular_dynamic,e_only24,non_orbit,square_1_100,square_101_300,category_rate_threshold,948,2204,0.0551,0.0868235294117647,0.6696914700544465,0.1537179754217871,1.5757446354222269,17000,1.0188567074177552,1.2456690315129515,0.10322848778429719,0.12352299581894201,9e737e566cb7ccbfd02dc698ff8768aabc31567b66b258593a305551b722d699
t1_X_semiprime_flip,non_circular_dynamic,qa_orbit_id24,orbit,square_1_100,square_101_300,category_rate_threshold,948,2204,0.0551,0.08397794777554596,0.8915607985480943,0.15349763699566457,1.5241006855815962,23399,0.9984299663329835,1.2915399783257715,0.10108358089436234,0.13147975239478507,1f256d6db0a7fd635471101bdf49d421ae2a6db92b2c93a8617f95170314f78f
t1_X_semiprime_flip,non_circular_dynamic,b_only9,non_orbit,square_1_100,square_101_300,category_rate_threshold,948,2204,0.0551,0.08238805970149254,0.5009074410163339,0.14150217892847988,1.4952460925860716,13400,1.0088772917505984,1.140396023512203,0.1039858633169548,0.11612191421872846,6995ffcbe002df98c241e175f351e4611972ad16cf188e6c6553ef822c27d9b8
t1_X_semiprime_flip,non_circular_dynamic,b_only24,non_orbit,square_1_100,square_101_300,category_rate_threshold,948,2204,0.0551,0.08238805970149254,0.5009074410163339,0.14150217892847988,1.4952460925860716,13400,0.9928916316993376,1.132219983682712,0.10064834172225678,0.113314447592068,2de165c1ce7b301f98e5f1c858916fb680d746e3af754e15e8efe226eac9e547
t1_X_semiprime_flip,non_circular_dynamic,qa_orbit_family9_24,orbit,square_1_100,square_101_300,category_rate_threshold,948,2204,0.0551,0.06306151645207439,1.0,0.11864133067771974,1.144492131616595,34950,1.0334617691344332,1.1291460832745235,0.10774180578475692,0.11714369236493131,1a2f1e8470b16342a117b6c661630a68f78406ff7a4d5fcc73f4fe70afea770d
t1_X_semiprime_flip,non_circular_dynamic,e_only9,non_orbit,square_1_100,square_101_300,category_rate_threshold,948,2204,0.0551,0.06256756756756757,0.6302177858439202,0.11383379773807573,1.1355275420611173,22200,0.9925708521267583,1.0786949224240274,0.10243683827120068,0.10977641994167477,2ddb1f9539ba64c7bb7cd243436b8f45acc83566f497fcf622a5c076ec755570
t1_X_semiprime_flip,non_circular_dynamic,qa_orbit_family9,orbit,square_1_100,square_101_300,category_rate_threshold,948,2204,0.0551,0.06206527554842162,1.0,0.11687657430730478,1.1264115344541128,35511,1.0249850204933033,1.1264115344541128,0.10690624416654491,0.11687657430730478,7407b23d3c73d559bc5d5322eb4eebfca4afa8d23852ccc1cf0543e26d07ebb4
t1_X_semiprime_flip,non_circular_dynamic,qa_orbit_id9,orbit,square_1_100,square_101_300,category_rate_threshold,948,2204,0.0551,0.06206527554842162,1.0,0.11687657430730478,1.1264115344541128,35511,1.0229587432487706,1.1264115344541128,0.10644476198576823,0.11687657430730478,e0dd994a0133d5fa1e9ebb36ef768aed482782004fe3c623595f3672b3e246ea
t1_X_semiprime_flip,non_circular_dynamic,qa_orbit_family24,orbit,square_1_100,square_101_300,category_rate_threshold,948,2204,0.0551,0.05597460317460318,1.0,0.10601505567714473,1.0158730158730158,39375,1.0065341615330838,1.0158730158730158,0.10509141416314235,0.10601505567714473,ee1f65abddc530ad8306ad4775a915fff14f6164c594de435c2b5c6e627c65c8
t1_X_omega_increases,non_circular_dynamic,dynamic_factor_signature,non_orbit,square_1_100,square_101_300,category_rate_threshold,4464,17146,0.42865,0.9315739268680445,0.8543683657996034,0.8913023637857078,2.173274062447322,15725,1.0013099250477462,1.060177515095788,0.5635262161349441,0.5956788262486182,6db5c90cdf35e00cf1c18aa6b98d8b19595a66e26a17b611a3c905439aabe11f
t1_X_omega_increases,non_circular_dynamic,be_pair24,non_orbit,square_1_100,square_101_300,category_rate_threshold,4464,17146,0.42865,0.788305329920997,0.8263734981919981,0.8068906605922552,1.8390419454589924,17974,1.0005079566466524,1.041407720876664,0.562618406550118,0.5880412989300504,9b32c82267f93b24850a5e59f848e0a9d4201b3f9f71d954e2520c22c8b75863
t1_X_omega_increases,non_circular_dynamic,current_factor_signature,non_orbit,square_1_100,square_101_300,category_rate_threshold,4464,17146,0.42865,0.6952385505306434,0.8481861658695906,0.764134089953762,1.6219259314840626,20918,1.0017411686173847,1.0192741725288965,0.5983671831384295,0.606978111029975,c59e55c180cdf5876cad0c3cd97358d08e924c65bc437d8ea10465fa61f5675e
t1_X_omega_increases,non_circular_dynamic,b_only24,non_orbit,square_1_100,square_101_300,category_rate_threshold,4464,17146,0.42865,0.62095,0.7243088767059372,0.6686588057933559,1.4486177534118745,20000,1.0,1.0,0.6000769957652329,0.6000769957652329,2fd46a1ebb69f779211f0992050b0b764555bbfaeab617ca56159f72f7c104a4
t1_X_omega_increases,non_circular_dynamic,e_only24,non_orbit,square_1_100,square_101_300,category_rate_threshold,4464,17146,0.42865,0.5621428571428572,0.8720984486177534,0.6836282174370228,1.3114262385229376,26600,1.0,1.0,0.6000769957652329,0.6000769957652329,8455345ba8ab734b49e831c093f7bff434f866078d053a7c9fc2b68f7b195155
t1_X_omega_increases,non_circular_dynamic,be_pair9,non_orbit,square_1_100,square_101_300,category_rate_threshold,4464,17146,0.42865,0.5086547725838068,0.8929196314009098,0.6481109112075353,1.1866435847050198,30099,0.9995766554994843,1.0094144278158108,0.5994602157644447,0.6035085242314073,519d9705b0876f2bf90466a0aa6987fd7d101c0ba1dc859ce29f94f24dbc59df
t1_X_omega_increases,non_circular_dynamic,e_only9,non_orbit,square_1_100,square_101_300,category_rate_threshold,4464,17146,0.42865,0.4625842696629213,0.9604572495042576,0.6244264967959655,1.0791654488811881,35600,1.0,1.0,0.6000769957652329,0.6000769957652329,1f0bbb8a02a771bc2575f1114985c27d2419f80d1aadc3a072b0165fbda25d3d
t1_X_omega_increases,non_circular_dynamic,b_only9,non_orbit,square_1_100,square_101_300,category_rate_threshold,4464,17146,0.42865,0.42865,1.0,0.6000769957652329,1.0,40000,1.0,1.0,0.6000769957652329,0.6000769957652329,662488e60ca2fa978be0b0c430bb62fd5abe5db6a5d14886f16c5f6967dae95a
t1_X_omega_increases,non_circular_dynamic,qa_orbit_family9,orbit,square_1_100,square_101_300,category_rate_threshold,4464,17146,0.42865,0.42865,1.0,0.6000769957652329,1.0,40000,1.0,1.0,0.6000769957652329,0.6000769957652329,596700d5fa27ff475a70f283464682c030906c363536990db92250d444559d72
t1_X_omega_increases,non_circular_dynamic,qa_orbit_id9,orbit,square_1_100,square_101_300,category_rate_threshold,4464,17146,0.42865,0.42865,1.0,0.6000769957652329,1.0,40000,1.0,1.0,0.6000769957652329,0.6000769957652329,f83d7e2a501ff724e9a3767cb2e8f24df208b12387e1692c8bbb552b7f0b9b93
t1_X_omega_increases,non_circular_dynamic,qa_orbit_family24,orbit,square_1_100,square_101_300,category_rate_threshold,4464,17146,0.42865,0.42865,1.0,0.6000769957652329,1.0,40000,0.9999733248690731,1.0,0.600032156635085,0.6000769957652329,83b3dcfa39de1b892bab9372ca9b0724c8328702fa1ab0c8f45a9c4e71f7e023
t1_X_omega_increases,non_circular_dynamic,qa_orbit_id24,orbit,square_1_100,square_101_300,category_rate_threshold,4464,17146,0.42865,0.42865,1.0,0.6000769957652329,1.0,40000,0.9999607060853464,1.0,0.5999520477858372,0.6000769957652329,178571219d61f247c1917260ae49383128d804df327685d6e66815dd7d1be196
t1_X_omega_increases,non_circular_dynamic,qa_orbit_family9_24,orbit,square_1_100,square_101_300,category_rate_threshold,4464,17146,0.42865,0.42865,1.0,0.6000769957652329,1.0,40000,0.9998930196260204,1.0,0.5999538955318229,0.6000769957652329,5f1c858e6cf3fe28ebe7b4b3ce4ed56f02f56f0e2311e99e21e4f339cd3f7908
t1_F_squarefree_flip,non_circular_dynamic,dynamic_factor_signature,non_orbit,square_1_100,square_101_300,category_rate_threshold,3842,15206,0.38015,1.0,0.7873865579376562,0.8810478678391406,2.630540576088386,11973,0.9615825220258434,1.0315667500215546,0.48357135553977426,0.5144796380090497,7cedc00a58ca5b628779b6e7e04568d3ad2e00a73a71c0d9cfef32d94bc3618c
t1_F_squarefree_flip,non_circular_dynamic,current_factor_signature,non_orbit,square_1_100,square_101_300,category_rate_threshold,3842,15206,0.38015,0.7003987747789401,0.7969880310403789,0.7455781475898982,1.8424273964985929,17303,0.9872830617872501,1.0213298999489624,0.5405163241522508,0.5563635007644404,bf17cfd04430c4b2119621697257749cdc56f37fea78dd4526936838bdb2e5a9
t1_F_squarefree_flip,non_circular_dynamic,be_pair24,non_orbit,square_1_100,square_101_300,category_rate_threshold,3842,15206,0.38015,0.6231428571428571,0.8605813494673156,0.7228636137656742,1.6392025704139344,21000,0.9967185396704288,1.046734905692611,0.5154468378865489,0.5387491502379335,883279ac0cbf36efdbac2d056ec2c9ee089970805d6a9ce59b4ae9f1321bb70e
t1_F_squarefree_flip,non_circular_dynamic,qa_orbit_id24,orbit,square_1_100,square_101_300,category_rate_threshold,3842,15206,0.38015,0.5702178722765966,1.0,0.7262914049626251,1.4999812502343723,26667,1.0008248414621224,1.0130172719444868,0.5512106809568896,0.556059387113289,7abe163b6d06871bc366b15fb18890b535af288ca4a3acdb6134927adea4a96f
t1_F_squarefree_flip,non_circular_dynamic,qa_orbit_family9_24,orbit,square_1_100,square_101_300,category_rate_threshold,3842,15206,0.38015,0.43507868383404863,1.0,0.6063481936358561,1.1444921316165952,34950,1.0003879783923921,1.001602564102564,0.5510369580874682,0.5515215262413405,4c747ca41a17ce13fc9170134c92d558b0288ee4ac2c86636d37d2104c3fd3b7
t1_F_squarefree_flip,non_circular_dynamic,be_pair9,non_orbit,square_1_100,square_101_300,category_rate_threshold,3842,15206,0.38015,0.4289833556970337,0.9881625674076022,0.59825214500428,1.1284581236276041,35027,1.0004313717599493,1.0128120727199068,0.5503951383624437,0.5559780621572212,3f99d84b2f659a6036408ca6f87b3b9065837d91663c9a2b39c9b82abae8789b
t1_F_squarefree_flip,non_circular_dynamic,qa_orbit_family9,orbit,square_1_100,square_101_300,category_rate_threshold,3842,15206,0.38015,0.428205344822731,1.0,0.5996411459668356,1.1264115344541128,35511,1.0,1.0,0.5508821504908886,0.5508821504908886,3149c176728e3b608cdd53526fb3631a8cbc25cefd648848883518b5545d5d88
t1_F_squarefree_flip,non_circular_dynamic,qa_orbit_id9,orbit,square_1_100,square_101_300,category_rate_threshold,3842,15206,0.38015,0.428205344822731,1.0,0.5996411459668356,1.1264115344541128,35511,1.0,1.0,0.5508821504908886,0.5508821504908886,ba7c505f41d159161b1cbf2a8d4de86dd08e878a88874116ffbbb3c771fe16b6
t1_F_squarefree_flip,non_circular_dynamic,b_only24,non_orbit,square_1_100,square_101_300,category_rate_threshold,3842,15206,0.38015,0.4232831325301205,0.9241746678942523,0.5806305003511961,1.11346345529428,33200,1.0,1.0,0.5508821504908886,0.5508821504908886,8ee10474af6720c056461f7382820c0a50cbf4044c6773274cd43a1dc793f42d
t1_F_squarefree_flip,non_circular_dynamic,b_only9,non_orbit,square_1_100,square_101_300,category_rate_threshold,3842,15206,0.38015,0.410801282051282,0.8428909640931211,0.5523854673964574,1.080629441145027,31200,1.0,1.0,0.5508821504908886,0.5508821504908886,3bcc5c8d99c6e485dfa417aa69c1d27c387d59d4af1c5ef042ee7c4635003fea
t1_F_squarefree_flip,non_circular_dynamic,e_only24,non_orbit,square_1_100,square_101_300,category_rate_threshold,3842,15206,0.38015,0.39847701149425285,0.9119426542154413,0.5546134463864336,1.0482099473740705,34800,1.0,1.0,0.5508821504908886,0.5508821504908886,b9e4cf885fbf82a1a5c0c32cff15f10cd7f654de191b32c29fed932d1bdca0bf
t1_F_squarefree_flip,non_circular_dynamic,e_only9,non_orbit,square_1_100,square_101_300,category_rate_threshold,3842,15206,0.38015,0.39497191011235955,0.92470077600947,0.5535173011061686,1.0389896359656965,35600,1.0,1.0,0.5508821504908886,0.5508821504908886,db7bb9fe10883ce51a2b41a6c9ed6e9923d24785782f8f735b719d574d5fbc9c
t1_F_squarefree_flip,non_circular_dynamic,qa_orbit_family24,orbit,square_1_100,square_101_300,category_rate_threshold,3842,15206,0.38015,0.38618412698412696,1.0,0.557190231032777,1.0158730158730158,39375,1.0004166666666667,1.001602564102564,0.5510483881860061,0.5515215262413405,207f785ed89dbc8cc25aea0c7848acffe8f8948ed31a2916048fd4746d819309
t1_F_semiprime_flip,non_circular_dynamic,dynamic_factor_signature,non_orbit,square_1_100,square_101_300,category_rate_threshold,1710,4200,0.105,1.0,0.8454761904761905,0.9162688685330925,9.523809523809524,3551,1.1130290344632876,1.369300964442665,0.1623294393252671,0.20024578905515797,0afc0c3bcec7a92342f3a9e7a8cf45ee8a37f94898f5855d7db4641fa4452483
t1_F_semiprime_flip,non_circular_dynamic,current_factor_signature,non_orbit,square_1_100,square_101_300,category_rate_threshold,1710,4200,0.105,0.8276792598303778,0.5111904761904762,0.6320282602296144,7.88265961743217,2594,0.993699742610179,1.3022592924895786,0.1827592101454293,0.23518036940721476,8dc2c1b8c3fb812abeb21f7804cde81703d3eb548630e181f2a7f98434914b42
t1_F_semiprime_flip,non_circular_dynamic,be_pair24,non_orbit,square_1_100,square_101_300,category_rate_threshold,1710,4200,0.105,0.28088926891834115,0.9385714285714286,0.43237907206317866,2.675135894460392,14034,1.015488189215708,1.1331258131989395,0.17678883577435411,0.19706207291624042,906a611ad18ecba849eaee5c35c53e99fda01f6adf88a8d8f33f5b1de3f6fd0d
t1_F_semiprime_flip,non_circular_dynamic,b_only24,non_orbit,square_1_100,square_101_300,category_rate_threshold,1710,4200,0.105,0.2358955223880597,0.7526190476190476,0.35920454545454544,2.2466240227434255,13400,0.9965279394274511,1.2266425557564797,0.18742561657929208,0.22737430167597766,a654805a94c07c14d4e05b782c9d0bfdfbfff8e815c3d3c3b2074b71d4fb92e0
t1_F_semiprime_flip,non_circular_dynamic,e_only24,non_orbit,square_1_100,square_101_300,category_rate_threshold,1710,4200,0.105,0.1858955223880597,0.5930952380952381,0.28306818181818183,1.7704335465529497,13400,0.9973607690651889,1.0969489592244084,0.18778465394981023,0.20462765957446807,89d790879e636e68b1812727a529155956e8bfd980acbbaf6aaa781eadcd18be
t1_F_semiprime_flip,non_circular_dynamic,be_pair9,non_orbit,square_1_100,square_101_300,category_rate_threshold,1710,4200,0.105,0.1724326991611382,0.7488095238095238,0.2803155220820892,1.6422161824870307,18239,1.0181619710863172,1.1708563404668646,0.18609467459750398,0.21284626703345916,5a330d560d6313768957509ecaf81deb27747fc2c051a1e2c6d6557535790473
t1_F_semiprime_flip,non_circular_dynamic,b_only9,non_orbit,square_1_100,square_101_300,category_rate_threshold,1710,4200,0.105,0.15789473684210525,1.0,0.2727272727272727,1.5037593984962405,26600,0.998547215496368,1.0,0.1897261620732209,0.19004524886877827,3ec43444120e837178bac63a1dc670a3dfca5fc16717af459d702a260d30a948
t1_F_semiprime_flip,non_circular_dynamic,qa_orbit_id24,orbit,square_1_100,square_101_300,category_rate_threshold,1710,4200,0.105,0.15749803127460907,1.0,0.2721352901156575,1.4999812502343721,26667,1.0150779888771262,1.1532795469133028,0.19061071389173442,0.2144124955626553,5d6c09b4db03819b6ae372ad5eadc09720672651d2625d041de5d47f63b17187
t1_F_semiprime_flip,non_circular_dynamic,qa_orbit_family9_24,orbit,square_1_100,square_101_300,category_rate_threshold,1710,4200,0.105,0.12017167381974249,1.0,0.21455938697318008,1.1444921316165952,34950,1.0089174634573064,1.1264115344541128,0.19157205534880098,0.21152829190904282,0f19ef6bc1dfe790c1920ebda0db7982cf61e0b5c19c50e01b17080ac28dad2d
t1_F_semiprime_flip,non_circular_dynamic,qa_orbit_family9,orbit,square_1_100,square_101_300,category_rate_threshold,1710,4200,0.105,0.11827321111768184,1.0,0.21152829190904282,1.1264115344541128,35511,1.005222835406159,1.1264115344541128,0.19093780702347019,0.21152829190904282,5392d1aadaa1bbb1c97189ef60b7a530a1521b6a8a7dfd4a9182978230d71456
t1_F_semiprime_flip,non_circular_dynamic,qa_orbit_id9,orbit,square_1_100,square_101_300,category_rate_threshold,1710,4200,0.105,0.11827321111768184,1.0,0.21152829190904282,1.1264115344541128,35511,1.007693108542052,1.1264115344541128,0.19135860794965062,0.21152829190904282,82592e857e5bd45c75d4cf285053576a46846a1281e5b9fb71d6a31a2722b747
t1_F_semiprime_flip,non_circular_dynamic,e_only9,non_orbit,square_1_100,square_101_300,category_rate_threshold,1710,4200,0.105,0.11057692307692307,0.8214285714285714,0.19491525423728812,1.0531135531135531,31200,0.9991225254146603,1.0246120920278226,0.1896598194592874,0.19246231155778895,f738e54f1e1b971f04134bf362b1b8f7e2b6896d5603100664a44cff0f4310c6
t1_F_semiprime_flip,non_circular_dynamic,qa_orbit_family24,orbit,square_1_100,square_101_300,category_rate_threshold,1710,4200,0.105,0.10666666666666667,1.0,0.1927710843373494,1.015873015873016,39375,1.0036516961511572,1.015873015873016,0.19067251836865257,0.1927710843373494,4e07fe917d5ac28122fea8dffa446cdc4cd2b8257c4964afe546c641b1baa72c
t1_F_omega_increases,non_circular_dynamic,dynamic_factor_signature,non_orbit,square_1_100,square_101_300,category_rate_threshold,4521,18161,0.454025,0.9980682994135909,0.7965971036837178,0.8860240078392945,2.1982672747394765,14495,1.0045458200961186,1.0463062677720214,0.5795376563084546,0.6066559041487561,755dce101c89e384657535172a6c1e2242137cc4258e0adb7ac25405f2cddc80
t1_F_omega_increases,non_circular_dynamic,be_pair24,non_orbit,square_1_100,square_101_300,category_rate_threshold,4521,18161,0.454025,0.8695701485766134,0.8443367655966081,0.85676770498673,1.9152472850098858,17634,0.9950800177121303,1.0346435189397234,0.5831635889666457,0.6055469652189231,bee91e409543b1d4d29268fe83888573a9a213ad5f9f694fce11b9efaec8c752
t1_F_omega_increases,non_circular_dynamic,current_factor_signature,non_orbit,square_1_100,square_101_300,category_rate_threshold,4521,18161,0.454025,0.70568903495137,0.8749518198337096,0.7812576822852648,1.554295545292374,22517,1.0008076205732686,1.0203508062292377,0.6217669004352365,0.6291505858628004,bf7473556466458c9006cd47c3ab748c84f58675f24c37cc55d4ba23ec0d3012
t1_F_omega_increases,non_circular_dynamic,e_only24,non_orbit,square_1_100,square_101_300,category_rate_threshold,4521,18161,0.454025,0.70355,0.7747921369968614,0.7374544692225047,1.549584273993723,20000,1.0,1.0,0.6245078317085332,0.6245078317085332,a71628e00f214ebb980d8c9e1f64112045dd04122dd9805aebf327472899663d
t1_F_omega_increases,non_circular_dynamic,b_only24,non_orbit,square_1_100,square_101_300,category_rate_threshold,4521,18161,0.454025,0.6481192660550459,0.7779857937338253,0.70713946097445,1.4274968692363765,21800,1.0,1.0,0.6245078317085332,0.6245078317085332,93c6c18afef7132966282334decb6e71bb53f81159a5a2e019d9d3e137002ce9
t1_F_omega_increases,non_circular_dynamic,be_pair9,non_orbit,square_1_100,square_101_300,category_rate_threshold,4521,18161,0.454025,0.47205870273526274,0.9493419965860911,0.630568356374808,1.0397196249881895,36523,0.999855249571111,1.0,0.6242706682421264,0.6245078317085332,285420b7e978d2c195ab6f3738f1069bce84c616bfe95945685e1709caf70c56
t1_F_omega_increases,non_circular_dynamic,qa_orbit_family9_24,orbit,square_1_100,square_101_300,category_rate_threshold,4521,18161,0.454025,0.4540521617363907,0.999834810858433,0.6245013069197964,1.0000598243189047,39991,1.0000733397091948,1.00027893316052,0.6244825820062697,0.6245078317085332,4c14bad39b99abb4b9249ce586d04f2bf83100d75274471cfa56ae091ebf4abd
t1_F_omega_increases,non_circular_dynamic,b_only9,non_orbit,square_1_100,square_101_300,category_rate_threshold,4521,18161,0.454025,0.454025,1.0,0.6245078317085332,1.0,40000,1.0,1.0,0.6245078317085332,0.6245078317085332,e9683684623a1ef554f763887fd49cf282a8941f52282a2b956cf601c58cb91f
t1_F_omega_increases,non_circular_dynamic,e_only9,non_orbit,square_1_100,square_101_300,category_rate_threshold,4521,18161,0.454025,0.454025,1.0,0.6245078317085332,1.0,40000,1.0,1.0,0.6245078317085332,0.6245078317085332,16b114bce4d344d5858468e0d84c232798db73a8b327a89b49a9cfa6b71e3355
t1_F_omega_increases,non_circular_dynamic,qa_orbit_family9,orbit,square_1_100,square_101_300,category_rate_threshold,4521,18161,0.454025,0.454025,1.0,0.6245078317085332,1.0,40000,1.0,1.0,0.6245078317085332,0.6245078317085332,196b88097891be1bda580cd76eec4a256f3fad2bcd4ef049313296b8f61fa03f
t1_F_omega_increases,non_circular_dynamic,qa_orbit_id9,orbit,square_1_100,square_101_300,category_rate_threshold,4521,18161,0.454025,0.454025,1.0,0.6245078317085332,1.0,40000,1.0,1.0,0.6245078317085332,0.6245078317085332,cc2abdaffc85a212cd37385eb2a6ab358539ff21bdfe34b7210626fa41e18585
t1_F_omega_increases,non_circular_dynamic,qa_orbit_family24,orbit,square_1_100,square_101_300,category_rate_threshold,4521,18161,0.454025,0.454025,1.0,0.6245078317085332,1.0,40000,1.0000334719792625,1.00027893316052,0.6244912425584483,0.6245078317085332,809fb596dd719948a6843016de5d5a54f2695bb41fcd5a7ede99da3fde5fd028
t1_F_omega_increases,non_circular_dynamic,qa_orbit_id24,orbit,square_1_100,square_101_300,category_rate_threshold,4521,18161,0.454025,0.454025,1.0,0.6245078317085332,1.0,40000,1.0000334719792625,1.00027893316052,0.6244912425584483,0.6245078317085332,a42710ab798cfb90b05a385a87350b316647d3717a000642103c63e18a5ac428
period9_eq_period24_control,orbit_derived_control,be_pair24,non_orbit,square_1_100,square_101_300,category_rate_threshold,8784,34959,0.873975,1.0,0.9997425555650905,0.9998712612110029,1.144197488486513,34950,1.0,1.0,0.9327499032804599,0.9327499032804599,d66db31958b73542d9cb0d89d35686a3d0635e8dfbb8f2e72ea9fcff85950608
period9_eq_period24_control,orbit_derived_control,qa_orbit_id24,orbit,square_1_100,square_101_300,category_rate_threshold,8784,34959,0.873975,1.0,0.9997425555650905,0.9998712612110029,1.144197488486513,34950,1.0,1.0,0.9327499032804599,0.9327499032804599,594f4f0736e86a1790a9aa30b41500b40707a86720b15d276aefb1c9e9ef5ef6
period9_eq_period24_control,orbit_derived_control,qa_orbit_family9_24,orbit,square_1_100,square_101_300,category_rate_threshold,8784,34959,0.873975,1.0,1.0,1.0,1.144197488486513,34959,0.999997403861076,1.0,0.9327396508445741,0.9327499032804599,c0b2fa7aed12c22b8f5d7a894151a4df726d35df41974ce29c27a805d9825fc2
period9_eq_period24_control,orbit_derived_control,be_pair9,non_orbit,square_1_100,square_101_300,category_rate_threshold,8784,34959,0.873975,0.9842020782292811,0.9997425555650905,0.9919114516815667,1.1261215460731497,35511,1.0,1.0,0.9327499032804599,0.9327499032804599,a2c9e1b0379f0626b74885dc5f7e4d1ead45ac9674cbbf8921cc36f8e12d56d6
period9_eq_period24_control,orbit_derived_control,qa_orbit_family9,orbit,square_1_100,square_101_300,category_rate_threshold,8784,34959,0.873975,0.9842020782292811,0.9997425555650905,0.9919114516815667,1.1261215460731497,35511,1.0,1.0,0.9327499032804599,0.9327499032804599,2939f9776290a99ea22a03e5d645e610fe7121739bb4ce10bb444511d4da3f7c
period9_eq_period24_control,orbit_derived_control,qa_orbit_id9,orbit,square_1_100,square_101_300,category_rate_threshold,8784,34959,0.873975,0.9842020782292811,0.9997425555650905,0.9919114516815667,1.1261215460731497,35511,1.0,1.0,0.9327499032804599,0.9327499032804599,60e0834975723b33ae670aaa58282186c76309647b551259902d60104b860b75
period9_eq_period24_control,orbit_derived_control,current_factor_signature,non_orbit,square_1_100,square_101_300,category_rate_threshold,8784,34959,0.873975,0.9016833952422351,0.9790611859606968,0.9387805480128364,1.031703876246157,37959,0.9998200364428881,1.0,0.9320407410168151,0.9327499032804599,d294caed9d074cf99289e951633744a2cba1083b32a458fa577984a169de7801
period9_eq_period24_control,orbit_derived_control,dynamic_factor_signature,non_orbit,square_1_100,square_101_300,category_rate_threshold,8784,34959,0.873975,0.8984107198504206,0.9896164077919849,0.9418106088447874,1.0279592892822114,38508,0.9985193942073017,0.9993005055497952,0.9255192942688076,0.9281627293070872,36be5eccb886637cc7811b44d1cc9837157d1963f19f27a48cce4e9ddb7adcee
period9_eq_period24_control,orbit_derived_control,qa_orbit_family24,orbit,square_1_100,square_101_300,category_rate_threshold,8784,34959,0.873975,0.8876190476190476,0.9997425555650905,0.9403503107595449,1.0156114850185047,39375,1.0,1.0,0.9327499032804599,0.9327499032804599,0e78a79faf9c63cb725ffbb5f503c7aae29e7d3acec7c7ff322853d35f948dec
period9_eq_period24_control,orbit_derived_control,b_only9,non_orbit,square_1_100,square_101_300,category_rate_threshold,8784,34959,0.873975,0.873975,1.0,0.9327499032804599,1.0,40000,1.0,1.0,0.9327499032804599,0.9327499032804599,0065da95c25161ef21c71f577bdac3d43552224178b24a806de1baee61c45f8d
period9_eq_period24_control,orbit_derived_control,e_only9,non_orbit,square_1_100,square_101_300,category_rate_threshold,8784,34959,0.873975,0.873975,1.0,0.9327499032804599,1.0,40000,1.0,1.0,0.9327499032804599,0.9327499032804599,f769469a654ab8819d3dd9f26ff570e8fb33f513e681b5958a6264d79987e672
period9_eq_period24_control,orbit_derived_control,b_only24,non_orbit,square_1_100,square_101_300,category_rate_threshold,8784,34959,0.873975,0.873975,1.0,0.9327499032804599,1.0,40000,1.0,1.0,0.9327499032804599,0.9327499032804599,98deee2cee47896e232ce3e783a03392d3c043422b78d3f87e0cee52a25f69e9
period9_eq_period24_control,orbit_derived_control,e_only24,non_orbit,square_1_100,square_101_300,category_rate_threshold,8784,34959,0.873975,0.873975,1.0,0.9327499032804599,1.0,40000,1.0,1.0,0.9327499032804599,0.9327499032804599,2907ba575b15c935bea8bf6d6cbda109d3ecc2993ce1deb30a52144683fb465b
orbit9_satellite_control,orbit_derived_control,be_pair9,non_orbit,square_1_100,square_101_300,category_rate_threshold,968,4005,0.100125,1.0,1.0,1.0,9.987515605493133,4005,1.0288177277222927,1.6291968437801359,0.16950225454114537,0.26597291300022957,5c6b6ea4ed6e0eb82dba0bd8f8fd7d56f5c5a3db1e3a1edaaee423fbf9bb3fe0
orbit9_satellite_control,orbit_derived_control,qa_orbit_family9,orbit,square_1_100,square_101_300,category_rate_threshold,968,4005,0.100125,1.0,1.0,1.0,9.987515605493133,4005,0.8431845328474542,1.0122482032594393,0.1534271272854521,0.18404907975460125,c1640cfa84957561d09909ca56eb5727cb31e4765cd76799a1f8c916163c32ac
orbit9_satellite_control,orbit_derived_control,qa_orbit_id9,orbit,square_1_100,square_101_300,category_rate_threshold,968,4005,0.100125,1.0,1.0,1.0,9.987515605493133,4005,0.8886481076659086,1.4247551202137132,0.16112699202198366,0.2496882793017456,4dc2229404cabeffd62a7efd9fb47f51228b337bb2ca1e41d4bd5e74fad4ff42
orbit9_satellite_control,orbit_derived_control,qa_orbit_family9_24,orbit,square_1_100,square_101_300,category_rate_threshold,968,4005,0.100125,1.0,1.0,1.0,9.987515605493133,4005,0.883751954034268,1.0268258246694904,0.16069482388135461,0.18645251396648047,9a1fb1ec504e14635a34764dbfd9bc796a58bd5cb0501d2ca584d6e6ed66609e
orbit9_satellite_control,orbit_derived_control,be_pair24,non_orbit,square_1_100,square_101_300,category_rate_threshold,968,4005,0.100125,0.8921808866117176,1.0,0.94301860136567,8.910670527957228,4489,0.9742072980562988,1.552258840008258,0.13498091815972918,0.21397447868036104,7fd6fef91d3bf03a7bd6abf31cb9867ecb512bb23f46dda49bb3f703ba8d0bd2
orbit9_satellite_control,orbit_derived_control,qa_orbit_id24,orbit,square_1_100,square_101_300,category_rate_threshold,968,4005,0.100125,0.8921808866117176,1.0,0.94301860136567,8.910670527957228,4489,0.9069249134449623,1.5873367393070077,0.1563929373068897,0.2695127046222796,c82ec874d1ca034567a12f96d917af6049e44a8d98f986af5c2f1223530670e8
orbit9_satellite_control,orbit_derived_control,b_only9,non_orbit,square_1_100,square_101_300,category_rate_threshold,968,4005,0.100125,0.335,0.7528089887640449,0.46366782006920415,3.3458177278402,9000,1.0566780853999187,1.7857142857142856,0.1881051976758922,0.3033516379473584,70988bd7d3401a6e6a6ca1196affc8b017b6bfb3557776e1a66a055748b89280
orbit9_satellite_control,orbit_derived_control,e_only9,non_orbit,square_1_100,square_101_300,category_rate_threshold,968,4005,0.100125,0.335,0.7528089887640449,0.46366782006920415,3.3458177278402,9000,0.9686428196598875,1.4925373134328357,0.17238854867673936,0.26002272358383377,0bb053c3ca46ce8db2c435c346b173f2e6e7c075d485219c6737c6d71bd5ed3c
orbit9_satellite_control,orbit_derived_control,b_only24,non_orbit,square_1_100,square_101_300,category_rate_threshold,968,4005,0.100125,0.29888059701492536,1.0,0.46021258259120945,2.9850746268656714,13400,0.9867971318885771,1.408450704225352,0.17090732716548818,0.24718407653139948,7b644cc47054d006a51f09fbe1765444cc0bb34a27ce490aaeaad4f343b6249f
orbit9_satellite_control,orbit_derived_control,e_only24,non_orbit,square_1_100,square_101_300,category_rate_threshold,968,4005,0.100125,0.29888059701492536,1.0,0.46021258259120945,2.9850746268656714,13400,1.0384812000357895,1.4010264946594535,0.1799996334370232,0.24208183530217428,ae06e1457aeb1c593ff39f1dc2b74b11472f48b27363773b7f9258009b924fb9
orbit9_satellite_control,orbit_derived_control,dynamic_factor_signature,non_orbit,square_1_100,square_101_300,category_rate_threshold,968,4005,0.100125,0.2345179451090781,0.6656679151061173,0.34684186560853447,2.3422516365451,11368,0.857373985938669,1.1113830906582491,0.09370419899783836,0.1233088918723536,a0c807792df91dc4d7efa87210d1dcc3f3eddbdb8f04e04a6f7e55a100714f45
orbit9_satellite_control,orbit_derived_control,current_factor_signature,non_orbit,square_1_100,square_101_300,category_rate_threshold,968,4005,0.100125,0.21408605097286929,0.9752808988764045,0.3511011235955056,2.1381877750099303,18245,1.0275000193643864,1.387532109107805,0.16750992225481984,0.22757253267511027,aaa4a62ce85be954fe20424d0b77f61799527ee059adfde5e44cb294cb21789a
orbit9_satellite_control,orbit_derived_control,qa_orbit_family24,orbit,square_1_100,square_101_300,category_rate_threshold,968,4005,0.100125,0.10154922792160044,1.0,0.18437528772672868,1.0142244985927633,39439,0.9999450345116707,1.0142244985927633,0.1818912449777855,0.18437528772672868,ceb7eda8acb36d8963bb2e06bf037708ca45a83fb907b136305c2ad2739a9dae
orbit9_24_family_disagree_control,orbit_derived_control,qa_orbit_family9_24,orbit,square_1_100,square_101_300,category_rate_threshold,1216,5041,0.126025,1.0,1.0,1.0,7.934933544931561,5041,0.9163927735970726,1.0002250506363932,0.20495059860701495,0.2238852371646829,83c67f3a78256bc41cb0a6a3bd5320ff95de8fe644b37b9e350e323c675b3f42
orbit9_24_family_disagree_control,orbit_derived_control,be_pair24,non_orbit,square_1_100,square_101_300,category_rate_threshold,1216,5041,0.126025,0.9982178217821782,1.0,0.9991081161430978,7.920792079207921,5050,1.000982383638578,1.7027247521123496,0.17474322883590182,0.2977586102168499,3d270d1862647c5be14804f890cb2315d9d7c01f9d6e81cafdab608f243a26c6
orbit9_24_family_disagree_control,orbit_derived_control,qa_orbit_id24,orbit,square_1_100,square_101_300,category_rate_threshold,1216,5041,0.126025,0.9982178217821782,1.0,0.9991081161430978,7.920792079207921,5050,0.9152774350696693,1.3362038031256673,0.19677880293109712,0.27374675083549943,0a2107ccb152cb94e5e34b99ba1e07c903f046945ac6fa456a723538b0ec239e
orbit9_24_family_disagree_control,orbit_derived_control,be_pair9,non_orbit,square_1_100,square_101_300,category_rate_threshold,1216,5041,0.126025,0.9979950991312097,0.8887125570323349,0.9401888772298006,7.919024789773534,4489,0.9861338178960078,1.4470032217123519,0.20156381957089892,0.2937338326705533,c631c82f9fdb57d7b741a0a5c52af0a11eb73bc8f7ca62bb71777cd951d0ff29
orbit9_24_family_disagree_control,orbit_derived_control,qa_orbit_family9,orbit,square_1_100,square_101_300,category_rate_threshold,1216,5041,0.126025,0.9979950991312097,0.8887125570323349,0.9401888772298006,7.919024789773534,4489,0.9134010739950545,1.0,0.20429393640895813,0.22384050087697874,0089c0596a948b93c8dc261aabc27ab3a130fe6d91e92d4507fbccaf993faae0
orbit9_24_family_disagree_control,orbit_derived_control,qa_orbit_id9,orbit,square_1_100,square_101_300,category_rate_threshold,1216,5041,0.126025,0.9979950991312097,0.8887125570323349,0.9401888772298006,7.919024789773534,4489,0.908212972651,1.262813714464662,0.20286598041736773,0.269122333905369,f1ba528f2b16b5d3f504048145e1ab7163a8d317e40e44a84d7b89026c737eb7
orbit9_24_family_disagree_control,orbit_derived_control,b_only9,non_orbit,square_1_100,square_101_300,category_rate_threshold,1216,5041,0.126025,0.3444776119402985,0.9156913310851021,0.5006236104332737,2.7334069584629916,13400,0.9818531761367075,1.2583268808672115,0.2179024632329556,0.27280042174190505,d2f3e6fe0c027ea014820ac55f7906414cd334e204f094f10322d0ab8518d491
orbit9_24_family_disagree_control,orbit_derived_control,e_only9,non_orbit,square_1_100,square_101_300,category_rate_threshold,1216,5041,0.126025,0.3444776119402985,0.9156913310851021,0.5006236104332737,2.7334069584629916,13400,0.998419626944287,1.2519277409116214,0.22123341981211678,0.2714131128437058,b61856ac61ccdac02874e62e99d655e4a6bd7c5ce7b8c9d63078730589d8e14b
orbit9_24_family_disagree_control,orbit_derived_control,b_only24,non_orbit,square_1_100,square_101_300,category_rate_threshold,1216,5041,0.126025,0.3444776119402985,0.9156913310851021,0.5006236104332737,2.7334069584629916,13400,0.9571762976065543,1.1944017101723907,0.20667895502168943,0.25593769507446273,feb6aed88221d67734ced784c075a1a061b9b998b515210eee680f2e3c0f2034
orbit9_24_family_disagree_control,orbit_derived_control,e_only24,non_orbit,square_1_100,square_101_300,category_rate_threshold,1216,5041,0.126025,0.3444776119402985,0.9156913310851021,0.5006236104332737,2.7334069584629916,13400,1.0077760592753897,1.352570890528651,0.21812466276271725,0.2895248347836488,0c2bf6561d36e02d9f1b4b42d54441ae0a9f56fcea46cc5deef48d725f59c39e
orbit9_24_family_disagree_control,orbit_derived_control,dynamic_factor_signature,non_orbit,square_1_100,square_101_300,category_rate_threshold,1216,5041,0.126025,0.33675948420855917,0.7149375123983337,0.45785428444387993,2.6721641278203467,10702,0.7523453742109247,1.0311343341302621,0.10796066578440044,0.15627965833596963,69df0eaaa7d1028f5fd704af37f41b1bc63d43aa9b601e0348f1bc5d90dd663a
orbit9_24_family_disagree_control,orbit_derived_control,current_factor_signature,non_orbit,square_1_100,square_101_300,category_rate_threshold,1216,5041,0.126025,0.3008468969167659,0.9020035707200952,0.4512031753907219,2.3872001342334133,15114,1.0490273351308463,1.409451138170485,0.21732915819338394,0.28786453433678266,754628205b125098df37c79cca7b081d18af8d6149b5170aaded6ef3762a9f10
orbit9_24_family_disagree_control,orbit_derived_control,qa_orbit_family24,orbit,square_1_100,square_101_300,category_rate_threshold,1216,5041,0.126025,0.126025,1.0,0.22384050087697874,1.0,40000,0.9725596051506344,1.0,0.2176061345247069,0.22384050087697874,5cdb9120222f4db9cfe22a84cc38db553188c572fc71eda2116a08d3389d5eaa
orbit24_satellite_control,orbit_derived_control,be_pair24,non_orbit,square_1_100,square_101_300,category_rate_threshold,128,561,0.014025,1.0,1.0,1.0,71.30124777183602,561,0.6291098787980522,12.325785929345,0.011635411853731095,0.20659971305595412,63406c38a77ff95c7f421f96ef04ac38556ead6a177b5844932cd0209b7610c8
orbit24_satellite_control,orbit_derived_control,qa_orbit_family24,orbit,square_1_100,square_101_300,category_rate_threshold,128,561,0.014025,1.0,1.0,1.0,71.30124777183602,561,9.884516488413547,71.30124777183602,0.14617868571618908,1.0,c7fa3fa816edb850fe646488f3d7e6b752f5f1cf90789adfe049544fac65fb55
orbit24_satellite_control,orbit_derived_control,qa_orbit_id24,orbit,square_1_100,square_101_300,category_rate_threshold,128,561,0.014025,1.0,1.0,1.0,71.30124777183602,561,2.61173807080546,28.011204481792717,0.05932592695870808,0.5641025641025641,0757660187e4722673da6e9998ecd8919cf2642e781e14e2193b11d7ab24a064
orbit24_satellite_control,orbit_derived_control,qa_orbit_family9_24,orbit,square_1_100,square_101_300,category_rate_threshold,128,561,0.014025,1.0,1.0,1.0,71.30124777183602,561,6.187201022796119,71.30124777183602,0.11029623426428024,1.0,7b751bc84f60fb6dd1bb5038b58eaee3578fc7672ee9035b21dac790d5dd9a08
orbit24_satellite_control,orbit_derived_control,dynamic_factor_signature,non_orbit,square_1_100,square_101_300,category_rate_threshold,128,561,0.014025,0.3760053619302949,1.0,0.5465172917681442,26.80965147453083,1492,0.0,0.0,0.0,0.0,208d6e5e0f05deb55779c0ac206aac9c17ecd917e2ebd85e7cd809550958be6c
orbit24_satellite_control,orbit_derived_control,current_factor_signature,non_orbit,square_1_100,square_101_300,category_rate_threshold,128,561,0.014025,0.2748652621264086,1.0,0.43120676402767094,19.598236158745713,2041,0.18912529550827423,9.456264775413711,0.004683782091421415,0.23418910457107076,9b35945e890b4f0ad9e43859bc6f3220ce99724d8a6e53b253352f44d2302155
orbit24_satellite_control,orbit_derived_control,b_only24,non_orbit,square_1_100,square_101_300,category_rate_threshold,128,561,0.014025,0.125,0.7575757575757576,0.2145922746781116,8.912655971479502,3400,0.8810922442262256,4.791443850267379,0.02194468103689294,0.12084157525624886,5cfa1025f864fd5f2c7f9ddeb7bad9f0f4f09fcc60ffd1627d791820596f9814
orbit24_satellite_control,orbit_derived_control,e_only24,non_orbit,square_1_100,square_101_300,category_rate_threshold,128,561,0.014025,0.125,0.7575757575757576,0.2145922746781116,8.912655971479502,3400,0.7489086230954743,4.718464926077383,0.018416526482176274,0.11360767482958849,5d720cde00188a740f7a3193fbbd9aee4c2d5fae399685cd776fec147333b787
orbit24_satellite_control,orbit_derived_control,qa_orbit_family9,orbit,square_1_100,square_101_300,category_rate_threshold,128,561,0.014025,0.015797921770718933,1.0,0.031104457751164338,1.1264115344541128,35511,0.530856478035703,1.1264115344541128,0.014662829429856073,0.031104457751164338,de1759a20d845a43b0549ff8e612e0cafbca769d348573c30c6d9f679be25904
orbit24_satellite_control,orbit_derived_control,qa_orbit_id9,orbit,square_1_100,square_101_300,category_rate_threshold,128,561,0.014025,0.015515642128341344,0.6559714795008913,0.0303142633551629,1.1062846437320033,23718,0.7389711952832253,1.1668905978092385,0.01986656598126797,0.03124494090982678,0b599c6405143f52925765304f8330ca544049c5d69a270bfa5b726cdb2c8534
orbit24_satellite_control,orbit_derived_control,b_only9,non_orbit,square_1_100,square_101_300,category_rate_threshold,128,561,0.014025,0.014204545454545454,0.22281639928698752,0.02670654844567888,1.0128018149408524,8800,0.9821062069098798,1.215362177929023,0.025304192104617335,0.03223264809111095,ae085c3e57ab89c1795a94d79830baebc79523b838fef46dfe245dfd9de5e36c
orbit24_satellite_control,orbit_derived_control,e_only9,non_orbit,square_1_100,square_101_300,category_rate_threshold,128,561,0.014025,0.014204545454545454,0.22281639928698752,0.02670654844567888,1.0128018149408524,8800,1.0077847968324671,1.215362177929023,0.026046125786207658,0.03204785813481466,2275eb136cc72ce9fa4d58166379a17dc5acae66cbc6fec1db6db12d39e36866
orbit24_satellite_control,orbit_derived_control,be_pair9,non_orbit,square_1_100,square_101_300,category_rate_threshold,128,561,0.014025,0.01162190082644628,0.08021390374331551,0.020302278366794494,0.828656030406152,3872,1.000561649772038,1.2963863231242911,0.022806592964160793,0.029826014913007456,13db11bdabcf1568dfaf3e4680c9c593fba4cdcaca53d90b59d9c97655e5b772
