target,train_window,test_window,feature_set,feature_fields,model,observed_lift,null_max_lift,trivial_product_lift,lift_over_trivial_product,verdict,train_rows,test_rows,train_positive_rows,test_positive_rows,test_base_rate,precision,recall,f1,null_f1_mean,null_f1_max,null_lift_mean,trivial_product_precision,trivial_product_recall,trivial_product_f1,hash
semi_latus_squarefree,square_1_100,square_101_300,coordinate_full,"b,e,d,a",hebbian_prototype,2.649760187654788,1.20396686235971,,,PERSISTENT_AFTER_LEAK_BASELINE,10000,40000,2902,11487,0.287175,0.7609448818897637,0.8412988595803952,0.7991069582833753,0.45268238420730994,0.5132509032156722,1.045303715457465,,,,3760d7812df5b12036b9a3249ad69f4acc4015428ea6115e21be10604a3be150
semi_latus_squarefree,square_1_100,square_101_300,orbit9_plus_drop_be,"orbit_id9,d,a",hebbian_prototype,2.4380200818758917,1.0515523420658353,,,PERSISTENT_AFTER_LEAK_BASELINE,10000,40000,2902,11487,0.287175,0.7001384170127092,0.9687472795333856,0.8128264124758043,0.4423955515320154,0.463303868299408,1.006022230903464,,,,55c11e95fc0049834d46d7cdd1bafbb6dd309a2f5554dc288c320e5149454a11
semi_latus_squarefree,square_1_100,square_101_300,drop_raw_be,"d,a",hebbian_prototype,2.380910330638598,1.0746784771276467,,,PERSISTENT_AFTER_LEAK_BASELINE,10000,40000,2902,11487,0.287175,0.6837379242011394,0.9611735004788021,0.799059164103492,0.43260505409888966,0.46334951456310675,0.9870033512146561,,,,84ecf6b762c21ea2a577cc692d0dff15919dcee87f3a2cf9ea855d2bac1fab09
semi_latus_squarefree,square_1_100,square_101_300,derived_products,"X,F,W,R,J,K,EA,D_plus_F,X_plus_F",hebbian_prototype,2.385268797882199,1.0860528885201535,,,PERSISTENT_AFTER_LEAK_BASELINE,10000,40000,2902,11487,0.287175,0.6849895670318206,0.9145120571080352,0.7832830033926108,0.4368918579728411,0.4754492009605034,0.9975433005320002,,,,46a3f3ba36b35e41ccc89739035d1b925e90a7ba72504f4f418101785f2be87b
semi_latus_squarefree,square_1_100,square_101_300,coordinate_only,"b,e",hebbian_prototype,2.3783775588766516,1.089342539015643,,,PERSISTENT_AFTER_LEAK_BASELINE,10000,40000,2902,11487,0.287175,0.6830105754704024,0.8658483503090451,0.7636377596068948,0.4450983868757161,0.4753899552544641,1.0114462014810965,,,,f705ccb11c5357181b6f3414f1d9794f4ee05f6812e150f1abe5d32a83cf54f6
semi_latus_squarefree,square_1_100,square_101_300,qa_orbit_id9,orbit_id9,hebbian_prototype,1.1264115344541128,1.0,,,PERSISTENT_AFTER_LEAK_BASELINE,10000,40000,2902,11487,0.287175,0.3234772324068598,1.0,0.48882931188561213,0.4462097228426593,0.44620972284265936,1.0,,,,49037c3ce7ce0c5085b241848ac995b467bdfab36d6fbfff69d29d28555c0178
semi_latus_squarefree,square_1_100,square_101_300,qa_orbit_family9,orbit_family9,hebbian_prototype,1.1264115344541128,1.012248203259439,,,PERSISTENT_AFTER_LEAK_BASELINE,10000,40000,2902,11487,0.287175,0.3234772324068598,1.0,0.48882931188561213,0.44642144127672784,0.450444091524028,1.0006124101629719,,,,3d7f1e2354b913638d1e1d3eb25104022bf590f87af9ca1f279f466290338488
semi_latus_squarefree,square_1_100,square_101_300,qa_orbit_family24,orbit_family24,hebbian_prototype,1.0158730158730158,1.0158730158730158,,,NULL_COMPETITIVE,10000,40000,2902,11487,0.287175,0.29173333333333334,1.0,0.4516928158546656,0.44672964945111493,0.4516928158546656,1.001504875723289,,,,baa4b445576d259409ffb2e78803113464d7890c5481bf3fc1aa9182fb943112
semi_latus_distinct_omega_2,square_1_100,square_101_300,derived_products,"X,F,W,R,J,K,EA,D_plus_F,X_plus_F",hebbian_prototype,4.574306564562579,1.28362503629788,,,PERSISTENT_AFTER_LEAK_BASELINE,10000,40000,2247,3294,0.08235,0.37669414559172837,0.8184578020643595,0.5159314898095876,0.1449736906364621,0.190138693712959,0.9686559504843526,,,,1e80ad5804897d6e9f5c64d60583fbe22cc275645d70b36624276bca501f946e
semi_latus_distinct_omega_2,square_1_100,square_101_300,coordinate_full,"b,e,d,a",hebbian_prototype,4.439811155280104,1.2398356895783267,,,PERSISTENT_AFTER_LEAK_BASELINE,10000,40000,2247,3294,0.08235,0.3656184486373166,0.7941712204007286,0.5007177720356015,0.15189564458600305,0.18394126828140356,1.0273846143607526,,,,ca78fbd84d1678a027c46abd6fefd777a17a4669e13adddb4a0f4843606e983a
semi_latus_distinct_omega_2,square_1_100,square_101_300,drop_raw_be,"d,a",hebbian_prototype,2.954203172858727,1.1306815362916658,,,PERSISTENT_AFTER_LEAK_BASELINE,10000,40000,2247,3294,0.08235,0.2432786312849162,0.8460837887067395,0.37789830508474576,0.14572716262538338,0.16927327991157778,0.9726986640030401,,,,e5476e4bf23dd0cfcafd304ab5228cccbf4c178a4d8cbb1fdbfabd0cb255fc75
semi_latus_distinct_omega_2,square_1_100,square_101_300,orbit9_plus_drop_be,"orbit_id9,d,a",hebbian_prototype,2.901155732147643,1.182849087602837,,,PERSISTENT_AFTER_LEAK_BASELINE,10000,40000,2247,3294,0.08235,0.23891017454235844,0.8518518518518519,0.37316310924928514,0.14722692710298524,0.17611052815669814,0.9834536223386825,,,,7cf65990da776f798298ee019e100b933479abfb796f49c6977fdcd916169135
semi_latus_distinct_omega_2,square_1_100,square_101_300,coordinate_only,"b,e",hebbian_prototype,2.4669382425404356,1.1625831782372587,,,PERSISTENT_AFTER_LEAK_BASELINE,10000,40000,2247,3294,0.08235,0.2031523642732049,0.8451730418943534,0.32756794917049065,0.15171571101555134,0.1736824286197946,1.0104777059333006,,,,be6c6ee83bc4142c1eade7eea5bfedd24eaa3b96e5f64032ff88e83f1a12cd9b
semi_latus_distinct_omega_2,square_1_100,square_101_300,qa_orbit_family9,orbit_family9,hebbian_prototype,1.0883249402260466,1.0,,,PERSISTENT_AFTER_LEAK_BASELINE,10000,40000,2247,3294,0.08235,0.08962355882761494,0.9793564055859137,0.16421899259334674,0.1521217646243223,0.15216889176329285,0.9997366034297329,,,,7706dc203ae46c7adfff4b5a2f3ff6514b6d1ebd3a3815db3bd8b31593411957
semi_latus_distinct_omega_2,square_1_100,square_101_300,qa_orbit_id9,orbit_id9,hebbian_prototype,1.0883249402260466,1.0,,,PERSISTENT_AFTER_LEAK_BASELINE,10000,40000,2247,3294,0.08235,0.08962355882761494,0.9793564055859137,0.16421899259334674,0.15216889176329285,0.15216889176329285,1.0,,,,69c9995e22b079208978d24b75bb90d1a83fc7a85e1632e9c4dd90bebddf16d8
semi_latus_distinct_omega_2,square_1_100,square_101_300,qa_orbit_family24,orbit_family24,hebbian_prototype,1.0,1.0,,,NULL_COMPETITIVE,10000,40000,2247,3294,0.08235,0.08235,1.0,0.15216889176329285,0.15201168621599065,0.15216889176329285,0.9992674274415709,,,,c6c160815f5b79c074e9f7e62a0ca63e2ba31099398067eff5fdc14c6c3b85a0
polar_scale_X_plus_F_semiprime,square_1_100,square_101_300,drop_raw_be,"d,a",hebbian_prototype,1.4422296761789506,1.0603731966669738,,,PERSISTENT_AFTER_LEAK_BASELINE,10000,40000,2850,11540,0.2885,0.4160832615776272,0.9630849220103986,0.5811089906146245,0.43832369398054427,0.46450409368846507,0.9967465108010242,,,,c430827b8830f964166d6238c293744573680cf58410f576a6eda6e553806862
polar_scale_X_plus_F_semiprime,square_1_100,square_101_300,orbit9_plus_drop_be,"orbit_id9,d,a",hebbian_prototype,1.446858420399977,1.0707294808683134,,,PERSISTENT_AFTER_LEAK_BASELINE,10000,40000,2850,11540,0.2885,0.4174186542853933,0.9660311958405546,0.5829476821711507,0.44027949176148784,0.4714048093311703,1.0019760985667585,,,,92e893afee7863433a1de6530a1e6fbea6c35538a76f1b8589df73e6b0e2b627
polar_scale_X_plus_F_semiprime,square_1_100,square_101_300,derived_products,"X,F,W,R,J,K,EA,D_plus_F,X_plus_F",hebbian_prototype,1.4599506441865875,1.1205918219362068,,,PERSISTENT_AFTER_LEAK_BASELINE,10000,40000,2850,11540,0.2885,0.42119576084783045,0.9126516464471404,0.5763852784238609,0.43742075291543714,0.47915451240856255,0.998380054014555,,,,2a3e83f1adbda635bb16a7008b13f60f540b7886a41c05411c626126bf27fece
polar_scale_X_plus_F_semiprime,square_1_100,square_101_300,coordinate_only,"b,e",hebbian_prototype,1.450374272564467,1.1228958929024557,,,PERSISTENT_AFTER_LEAK_BASELINE,10000,40000,2850,11540,0.2885,0.4184329776348487,0.9922010398613518,0.5886284186716019,0.4412789785493424,0.4815803523758676,1.0017675502105674,,,,b08a9a0ce0f10a08ab3292485cfb75d8454f0c2cc426495977855497f05d6995
polar_scale_X_plus_F_semiprime,square_1_100,square_101_300,coordinate_full,"b,e,d,a",hebbian_prototype,1.4204014503046387,1.1253951000820301,,,PERSISTENT_AFTER_LEAK_BASELINE,10000,40000,2850,11540,0.2885,0.40978581841288825,0.95,0.5725850677669547,0.4366494036900191,0.48311815076090336,1.0040203420524816,,,,2ef1aa913ae49227538d9bb4870456b7ceadaf96de7e5ff8e6ad6eda67ed769c
polar_scale_X_plus_F_semiprime,square_1_100,square_101_300,qa_orbit_family9,orbit_family9,hebbian_prototype,1.1264115344541128,1.0,,,PERSISTENT_AFTER_LEAK_BASELINE,10000,40000,2850,11540,0.2885,0.32496972769001153,1.0,0.4905315508703321,0.44780752813348845,0.4478075281334885,1.0,,,,9059511f9833dab44ff8d32da5bc814b5a1104757bc4d972375e49fe099c8ec0
polar_scale_X_plus_F_semiprime,square_1_100,square_101_300,qa_orbit_id9,orbit_id9,hebbian_prototype,1.1264115344541128,1.0,,,PERSISTENT_AFTER_LEAK_BASELINE,10000,40000,2850,11540,0.2885,0.32496972769001153,1.0,0.4905315508703321,0.44780752813348845,0.4478075281334885,1.0,,,,bbc01460bffdf6b22b13629934d006ff194cfb40edb5e044141b23f9703eeb22
polar_scale_X_plus_F_semiprime,square_1_100,square_101_300,qa_orbit_family24,orbit_family24,hebbian_prototype,1.015873015873016,1.0142244985927635,,,PERSISTENT_AFTER_LEAK_BASELINE,10000,40000,2850,11540,0.2885,0.2930793650793651,1.0,0.4533045271530984,0.4480817616377647,0.45273544008317146,1.0007913531347665,,,,27e60a27cfe6adeb3f8cdc5cfeaf5ede6f629dbd5d720c32208eef109474a6df
h_integer,square_1_100,square_101_300,derived_products,"X,F,W,R,J,K,EA,D_plus_F,X_plus_F",hebbian_prototype,20.376263049182157,2.079434393844874,,,PERSISTENT_AFTER_LEAK_BASELINE,10000,40000,162,168,0.0042,0.08558030480656506,0.43452380952380953,0.14299706170421153,0.0038989871979066655,0.0113314447592068,0.597493766477533,,,,7aaf37d4944cbdb46744802b1b6eb4d31e173a6df50a450c37a491474c578988
h_integer,square_1_100,square_101_300,coordinate_full,"b,e,d,a",hebbian_prototype,11.127596439169139,3.450655624568668,,,PERSISTENT_AFTER_LEAK_BASELINE,10000,40000,162,168,0.0042,0.04673590504451038,0.375,0.08311345646437994,0.007948011685724597,0.022222222222222223,1.187993611512916,,,,4df7b22cd79fbf6d39c6706a7d730b198ca9faa8e28dbdf8b1f3a3974c5693cf
h_integer,square_1_100,square_101_300,drop_raw_be,"d,a",hebbian_prototype,7.267864410721554,2.461696010083107,,,PERSISTENT_AFTER_LEAK_BASELINE,10000,40000,162,168,0.0042,0.030525030525030524,0.1488095238095238,0.05065856129685917,0.007298924010945772,0.019334880123743233,0.9719645751818058,,,,bb3d0b10eecab9f553454e6c1556bca743fac50f1fb4d6126aee6b73f59fd6fb
h_integer,square_1_100,square_101_300,orbit9_plus_drop_be,"orbit_id9,d,a",hebbian_prototype,7.69704433497537,3.7453183520599254,,,PERSISTENT_AFTER_LEAK_BASELINE,10000,40000,162,168,0.0042,0.032327586206896554,0.17857142857142858,0.054744525547445265,0.00811800102377338,0.022838499184339316,1.1096804361715118,,,,220335beccd6ee10c00ad0e5c168f1a3943ed7a4fadbbefeccccf7d266dabf7a
h_integer,square_1_100,square_101_300,coordinate_only,"b,e",hebbian_prototype,7.961783439490446,4.566210045662101,,,PERSISTENT_AFTER_LEAK_BASELINE,10000,40000,162,168,0.0042,0.03343949044585987,0.125,0.052763819095477386,0.007877075570399699,0.031180400890868598,1.125640340822974,,,,0e8d50088f0a838f483dfc76c10101d86ce8461427489770793c6fd34ae8d332
h_integer,square_1_100,square_101_300,qa_orbit_family24,orbit_family24,hebbian_prototype,5.333333333333334,4.244121891180715,,,PERSISTENT_AFTER_LEAK_BASELINE,10000,40000,162,168,0.0042,0.0224,0.08333333333333333,0.03530895334174023,0.009030427113615819,0.027434842249657063,1.1278145601675014,,,,d07a300df1e4d3b5854b7fef57720d5d5d3c0d912aa3d91f9eda560dff4678c5
h_integer,square_1_100,square_101_300,qa_orbit_family9,orbit_family9,hebbian_prototype,2.6519852761777467,2.6519852761777467,,,NULL_COMPETITIVE,10000,40000,162,168,0.0042,0.011138338159946536,0.2976190476190476,0.021473051320592657,0.01364783253553748,0.021473051320592657,1.6763042276356093,,,,82daf769627d81401d1058e4ba4bc4472be11e9e97f7a95690a107500e856e9f
h_integer,square_1_100,square_101_300,qa_orbit_id9,orbit_id9,hebbian_prototype,2.6519852761777467,2.6519852761777467,,,NULL_COMPETITIVE,10000,40000,162,168,0.0042,0.011138338159946536,0.2976190476190476,0.021473051320592657,0.009606798035288966,0.021473051320592657,1.1665223492340866,,,,8e70f46db2569c04b08623f60bc11f1d5d3771b909fa51c27da23c5dce0d4285
ecc_den_smooth_13,square_1_100,square_101_300,drop_raw_be,"d,a",hebbian_prototype,1.8836702154658813,1.0066664906887646,,,PERSISTENT_AFTER_LEAK_BASELINE,10000,40000,4554,9112,0.2278,0.42910007508312775,0.8780728709394205,0.5764824555083219,0.3706163861683101,0.3723972843021936,1.0001681084683502,,,,f5a9e695fd0f39c6bff20a84dc7ee555441ae737aef028f57abcffbfde7c1b9e
ecc_den_smooth_13,square_1_100,square_101_300,coordinate_full,"b,e,d,a",hebbian_prototype,1.873315273312671,1.011160963692277,,,PERSISTENT_AFTER_LEAK_BASELINE,10000,40000,4554,9112,0.2278,0.42674121926062647,0.8627085162423178,0.5710238622743617,0.3703535940097463,0.37265387438397823,1.0012794737659854,,,,fe5b05e64e7d4e3a2dc36f3179ba7c6e7ddc0c66413ef3401e790deb6fb234ed
ecc_den_smooth_13,square_1_100,square_101_300,orbit9_plus_drop_be,"orbit_id9,d,a",hebbian_prototype,1.8571502349842484,1.008761068425887,,,PERSISTENT_AFTER_LEAK_BASELINE,10000,40000,4554,9112,0.2278,0.42305882352941176,0.8879499561018437,0.5730778765449587,0.37120895906372914,0.372681316413907,1.0012414474603009,,,,37ea88581bc84ecd0e571235764cb629b96a41cf4ba0bcd155714d4d5e1896b5
ecc_den_smooth_13,square_1_100,square_101_300,derived_products,"X,F,W,R,J,K,EA,D_plus_F,X_plus_F",hebbian_prototype,1.7593095386718227,1.0119908016247554,,,PERSISTENT_AFTER_LEAK_BASELINE,10000,40000,4554,9112,0.2278,0.4007707129094412,0.7989464442493416,0.5337830406569637,0.3710225140919163,0.374018439863255,1.0015527704571467,,,,c0a2b00f11a9f477519f73f0ac2e34385f91708d2f57cf33fe113d02d4c1c6a6
ecc_den_smooth_13,square_1_100,square_101_300,qa_orbit_family9,orbit_family9,hebbian_prototype,1.0,1.0,,,NULL_COMPETITIVE,10000,40000,4554,9112,0.2278,0.2278,1.0,0.3710702068740837,0.3710702068740837,0.3710702068740837,1.0,,,,8d1dc8f6369c0fc3ccf7891d339b966c82fdcb197d65775409466650c7eab4bc
ecc_den_smooth_13,square_1_100,square_101_300,qa_orbit_id9,orbit_id9,hebbian_prototype,1.0,1.0,,,NULL_COMPETITIVE,10000,40000,4554,9112,0.2278,0.2278,1.0,0.3710702068740837,0.3710702068740837,0.3710702068740837,1.0,,,,88a97eb876db7463cfad1ebf44d1c05045623f4708eed9fb8b42ad6c36b10857
ecc_den_smooth_13,square_1_100,square_101_300,qa_orbit_family24,orbit_family24,hebbian_prototype,1.0,1.0,,,NULL_COMPETITIVE,10000,40000,4554,9112,0.2278,0.2278,1.0,0.3710702068740837,0.3709228991209438,0.3710702068740837,0.9996326343396141,,,,61f69302122ba9e5c07d619b7a489606be9d3ebf1f011354e79c9ee545be3df0
ecc_den_smooth_13,square_1_100,square_101_300,coordinate_only,"b,e",hebbian_prototype,0.9970358026652668,1.0041409218248887,,,NULL_COMPETITIVE,10000,40000,4554,9112,0.2278,0.22712475584714778,0.9953906935908692,0.3698568690616971,0.3705912450399803,0.3718469802495864,0.9998586222072982,,,,e139e4ba40098f9ea44e77082144308e7663a90ce725bb192f6e375f74bba18d
directrix_distance_integer,square_1_100,square_101_300,derived_products,"X,F,W,R,J,K,EA,D_plus_F,X_plus_F",hebbian_prototype,7.173565311915213,1.5539997717742033,,,PERSISTENT_AFTER_LEAK_BASELINE,10000,40000,867,778,0.01945,0.13952584531675088,0.461439588688946,0.21426439868695912,0.03133902019105195,0.057022847323871945,0.8601170512478215,,,,2617d3b9f0a7468a4a5282c090bf63136d1d93c63c1ee46ef0b6df64c773b127
directrix_distance_integer,square_1_100,square_101_300,drop_raw_be,"d,a",hebbian_prototype,6.573288806669391,1.704184914391605,,,PERSISTENT_AFTER_LEAK_BASELINE,10000,40000,867,778,0.01945,0.12785046728971963,0.43958868894601544,0.19808861859252824,0.03338916811587202,0.062239685658153236,0.9070627400006643,,,,2da3e2191b02bb856be5fcda9d6ffff141e9f9619df6fee478e9c0a46cdaadbe
directrix_distance_integer,square_1_100,square_101_300,coordinate_full,"b,e,d,a",hebbian_prototype,5.526660156898694,1.761890590139404,,,PERSISTENT_AFTER_LEAK_BASELINE,10000,40000,867,778,0.01945,0.10749354005167959,0.5347043701799485,0.17900172117039587,0.033430704807073296,0.06504809894640402,0.9238386690322475,,,,a6595a6f8202fa874f3e82cb3b90605fc3e41c812b738d390c5a2855205e526e
directrix_distance_integer,square_1_100,square_101_300,qa_orbit_family9,orbit_family9,hebbian_prototype,3.9284832790351283,1.0,,,PERSISTENT_AFTER_LEAK_BASELINE,10000,40000,867,778,0.01945,0.07640899977723324,0.44087403598971725,0.13024492120751852,0.0357107793448659,0.0381578302025602,0.9361037035667875,,,,3aea7d71693d673522a1393caa56d89fa35d571a65e8c6deb9602ac17d22106c
directrix_distance_integer,square_1_100,square_101_300,qa_orbit_id9,orbit_id9,hebbian_prototype,3.9284832790351283,1.0014607417652805,,,PERSISTENT_AFTER_LEAK_BASELINE,10000,40000,867,778,0.01945,0.07640899977723324,0.44087403598971725,0.13024492120751852,0.03620062249745283,0.0381578302025602,0.9498897642578674,,,,b1e6b64dc029fdbdcc2f64fe6697c707450904036949eb7b52961ba87a49ebc9
directrix_distance_integer,square_1_100,square_101_300,orbit9_plus_drop_be,"orbit_id9,d,a",hebbian_prototype,4.4585475578406175,1.841744149418578,,,PERSISTENT_AFTER_LEAK_BASELINE,10000,40000,867,778,0.01945,0.08671875,0.570694087403599,0.150559511698881,0.03620139409633706,0.06714550883705916,0.9852749420747436,,,,4559d8cc6ca0642dbd7f88b8619cf3cf4cc6e65ea86b217a15671ae3aec853a2
directrix_distance_integer,square_1_100,square_101_300,coordinate_only,"b,e",hebbian_prototype,4.069575545636623,1.5512378695112685,,,PERSISTENT_AFTER_LEAK_BASELINE,10000,40000,867,778,0.01945,0.07915324436263231,0.442159383033419,0.13427010148321622,0.036271620188933075,0.057449300376009364,0.9815956517443227,,,,48aee75fa9fc699f6a6c17bd912cbbf7e0572e9fbaf8b3aa728c40b909d2cefe
directrix_distance_integer,square_1_100,square_101_300,qa_orbit_family24,orbit_family24,hebbian_prototype,1.0,1.0,,,NULL_COMPETITIVE,10000,40000,867,778,0.01945,0.01945,1.0,0.0381578302025602,0.03605817615985049,0.0381578302025602,0.9450681673368049,,,,bb6146d63a5242f7c949327291f9fd00f1ae8ab65c407b7094f73db339c050dd
director_radius_sq_square,square_1_100,square_101_300,derived_products,"X,F,W,R,J,K,EA,D_plus_F,X_plus_F",hebbian_prototype,28.24858757062147,4.208754208754209,,,PERSISTENT_AFTER_LEAK_BASELINE,10000,40000,84,96,0.0024,0.06779661016949153,0.08333333333333333,0.07476635514018692,0.00273839953641392,0.01739130434782609,0.6717143393361847,,,,7d22cf2a46826e7840861968534c18263bf7c0b30626046fbe3c6aa3601af7f2
director_radius_sq_square,square_1_100,square_101_300,coordinate_full,"b,e,d,a",hebbian_prototype,29.680365296803654,7.832080200501253,,,PERSISTENT_AFTER_LEAK_BASELINE,10000,40000,84,96,0.0024,0.07123287671232877,0.2708333333333333,0.11279826464208242,0.003481095509534284,0.02762430939226519,0.9707559775544162,,,,e8d70efd48745c197e42b0e58f191de0a9b3f6b282756c5a222bd29f8d73c3a4
director_radius_sq_square,square_1_100,square_101_300,orbit9_plus_drop_be,"orbit_id9,d,a",hebbian_prototype,11.981787682722263,3.0955918771669144,,,PERSISTENT_AFTER_LEAK_BASELINE,10000,40000,84,96,0.0024,0.02875629043853343,0.4166666666666667,0.05379959650302623,0.0016559909165796793,0.013003901170351103,0.4024353403805102,,,,104be994780a48c3b0044f1d35d6d354cb7e1427d0532e2435618c41f2566fe1
director_radius_sq_square,square_1_100,square_101_300,drop_raw_be,"d,a",hebbian_prototype,9.297207043108683,5.341880341880342,,,PERSISTENT_AFTER_LEAK_BASELINE,10000,40000,84,96,0.0024,0.022313296903460837,0.5104166666666666,0.042757417102966835,0.0028128377354100466,0.01735357917570499,0.7576342539220564,,,,9398703f39ce079a61ade928af506554ff25ff473aa295dab26a7d7ae8c52d94
director_radius_sq_square,square_1_100,square_101_300,qa_orbit_id9,orbit_id9,hebbian_prototype,2.506126085987971,2.1847690387016234,,,PERSISTENT_AFTER_LEAK_BASELINE,10000,40000,84,96,0.0024,0.00601470260637113,0.28125,0.01177753544165758,0.005199476955616951,0.010241404535479151,1.0961965880179716,,,,b97c2b7f88c7d755fe0b7a672bda8ea738b17f8839dcbf6e1f77f8fc6197852a
director_radius_sq_square,square_1_100,square_101_300,coordinate_only,"b,e",hebbian_prototype,4.351610095735422,5.139152435167616,,,NULL_COMPETITIVE,10000,40000,84,96,0.0024,0.010443864229765013,0.041666666666666664,0.016701461377870562,0.0030671856944352936,0.022608695652173914,0.819077720233113,,,,8d1b3359ba8112dd8ef53cc9a81ddac7d12c23ce922d54c27e36c0ae56787b14
director_radius_sq_square,square_1_100,square_101_300,qa_orbit_family9,orbit_family9,hebbian_prototype,2.506126085987971,5.1652892561983474,,,NULL_COMPETITIVE,10000,40000,84,96,0.0024,0.00601470260637113,0.28125,0.01177753544165758,0.010816420681770038,0.020689655172413793,2.4531507474871033,,,,41b86a2589db733ff7c9ffecee68691892a09d251824a3986a6ac3ca9e025e23
director_radius_sq_square,square_1_100,square_101_300,qa_orbit_family24,orbit_family24,hebbian_prototype,5.333333333333334,13.020833333333334,,,NULL_COMPETITIVE,10000,40000,84,96,0.0024,0.0128,0.08333333333333333,0.022191400832177532,0.010654833980765487,0.025,3.197711887785417,,,,73690a634d14de4ef2c1d0bf90fbd40bd0208af5088625155996a2e7aa7c2dcd
X_semiprime,square_1_100,square_101_300,coordinate_full,"b,e,d,a",hebbian_prototype,15.288968697554004,3.4544179771263526,33.277870216306155,-17.98890151875215,BEATS_NULL_BUT_NOT_TRIVIAL_PRODUCT,10000,40000,562,1202,0.03005,0.45943350936149785,0.7961730449251248,0.5826484018264839,0.055131079417398,0.16215538847117794,1.1484976678718204,1.0,1.0,1.0,83fdda736cd8ad2bced85a431551aeb5a78487f38950c9106bfc9e4f779e9db1
X_semiprime,square_1_100,square_101_300,derived_products,"X,F,W,R,J,K,EA,D_plus_F,X_plus_F",hebbian_prototype,14.68313045508947,3.71633184095199,33.277870216306155,-18.594739761216687,BEATS_NULL_BUT_NOT_TRIVIAL_PRODUCT,10000,40000,562,1202,0.03005,0.4412280701754386,0.8369384359400999,0.5778288340034462,0.04399105375311019,0.19376171056982255,0.8572518691943054,1.0,1.0,1.0,f7cf037a88fe1663a82a583528e92aca964788034e28f209b4e35dc197c5579b
X_semiprime,square_1_100,square_101_300,coordinate_only,"b,e",hebbian_prototype,8.733606140574365,1.9952961466703207,33.277870216306155,-24.54426407573179,BEATS_NULL_BUT_NOT_TRIVIAL_PRODUCT,10000,40000,562,1202,0.03005,0.26244486452425964,0.6930116472545758,0.38071297989031083,0.031836752529168046,0.0993434199257779,0.6145345238532525,1.0,1.0,1.0,2152e4becefc24f0553235c065154aace22fc8d30fc259dd7d790ca7400e738b
X_semiprime,square_1_100,square_101_300,drop_raw_be,"d,a",hebbian_prototype,9.571232173118739,2.898823632366655,33.277870216306155,-23.706638043187418,BEATS_NULL_BUT_NOT_TRIVIAL_PRODUCT,10000,40000,562,1202,0.03005,0.28761552680221814,0.6472545757071547,0.3982595341694395,0.054622914236596556,0.15267489711934157,1.0572212056468184,1.0,1.0,1.0,973f3ffc685675e5829427e3a4dc2dd64679f1efc8ff01d00c5b66ae2fd97551
X_semiprime,square_1_100,square_101_300,orbit9_plus_drop_be,"orbit_id9,d,a",hebbian_prototype,9.447170317161083,3.5157042533826393,33.277870216306155,-23.830699899145074,BEATS_NULL_BUT_NOT_TRIVIAL_PRODUCT,10000,40000,562,1202,0.03005,0.28388746803069054,0.6464226289517471,0.3945163747143945,0.049198898014047435,0.17808577405857742,0.9717856164223532,1.0,1.0,1.0,b9e0671d71152e7b474bc97cf8a6a744619eb0abfffaeeee6dcda06f5b3a48bc
X_semiprime,square_1_100,square_101_300,qa_orbit_family9,orbit_family9,hebbian_prototype,1.1264115344541128,1.1264115344541128,33.277870216306155,-32.15145868185204,NULL_COMPETITIVE,10000,40000,562,1202,0.03005,0.03384866661034609,1.0,0.06548089232696865,0.05797982833545161,0.06548089232696865,0.9951790696189373,1.0,1.0,1.0,0f6d3893e94732e56e04b5c4f80145897126c3040ddc7970482a37e0ed58692a
X_semiprime,square_1_100,square_101_300,qa_orbit_family24,orbit_family24,hebbian_prototype,1.0158730158730158,1.0158730158730158,33.277870216306155,-32.26199720043314,NULL_COMPETITIVE,10000,40000,562,1202,0.03005,0.030526984126984128,1.0,0.05924538531680509,0.058709944467184305,0.05924538531680509,1.006415548601028,1.0,1.0,1.0,1a2d07c74416de414bfd267fb0757ccc053e536f9b78bde79b56cf76abd05bff
X_semiprime,square_1_100,square_101_300,qa_orbit_id9,orbit_id9,hebbian_prototype,1.1264115344541128,1.1316290880100803,33.277870216306155,-32.15145868185204,NULL_COMPETITIVE,10000,40000,562,1202,0.03005,0.03384866661034609,1.0,0.06548089232696865,0.05744352567556911,0.06548089232696865,0.9935239692426017,1.0,1.0,1.0,c0872d8d46f4128f30afcdcfd09cec1c93af3c9faac3a151df89ef4d92bc06dd
W_semiprime,square_1_100,square_101_300,derived_products,"X,F,W,R,J,K,EA,D_plus_F,X_plus_F",hebbian_prototype,6.972782989497085,1.6231272950670892,21.008403361344538,-14.035620371847454,BEATS_NULL_BUT_NOT_TRIVIAL_PRODUCT,10000,40000,779,1904,0.0476,0.33190447030006126,0.8539915966386554,0.478024400999559,0.07557647476048995,0.13883557261676263,0.9253375195323624,1.0,1.0,1.0,335cf21c9f491cb27a4c858d2c3ebcc73a0da7d4a2289e9fd8f3fd772679ba73
W_semiprime,square_1_100,square_101_300,coordinate_full,"b,e,d,a",hebbian_prototype,6.708353692269796,1.655778183595257,21.008403361344538,-14.300049669074742,BEATS_NULL_BUT_NOT_TRIVIAL_PRODUCT,10000,40000,779,1904,0.0476,0.3193176357520423,0.6980042016806722,0.4381800197823936,0.06810718203879952,0.13047412233079986,0.8821391430481947,1.0,1.0,1.0,64a8b716f07cf5a32c537ea84a8cd97fd3e0af9aae852330fb71d369b22fcc72
W_semiprime,square_1_100,square_101_300,orbit9_plus_drop_be,"orbit_id9,d,a",hebbian_prototype,5.471696001969362,1.9818604292289759,21.008403361344538,-15.536707359375175,BEATS_NULL_BUT_NOT_TRIVIAL_PRODUCT,10000,40000,779,1904,0.0476,0.26045272969374167,0.5136554621848739,0.3456441067326383,0.08402988626746942,0.16339455351488286,1.0244498566534068,1.0,1.0,1.0,5c244474003890a9abae2a2eaec5851e164af03eb372d8f2523b715364b4193a
W_semiprime,square_1_100,square_101_300,drop_raw_be,"d,a",hebbian_prototype,5.563580994026471,2.535045975227609,21.008403361344538,-15.444822367318068,BEATS_NULL_BUT_NOT_TRIVIAL_PRODUCT,10000,40000,779,1904,0.0476,0.26482645531566,0.5089285714285714,0.3483731799388819,0.077053622047168,0.20152486570784958,0.9455008875593135,1.0,1.0,1.0,e23a1dbdab4daad4b20b6d4f67ad32be495eeabac45a73633052930eb7c3d322
W_semiprime,square_1_100,square_101_300,coordinate_only,"b,e",hebbian_prototype,2.22297470203092,1.2653214151902799,21.008403361344538,-18.785428659313617,BEATS_NULL_BUT_NOT_TRIVIAL_PRODUCT,10000,40000,779,1904,0.0476,0.1058135958166718,0.542016806722689,0.17706099339452688,0.08411847382574131,0.10980537879139766,1.0141159326799771,1.0,1.0,1.0,5d6f6440f51972b5ab5678013c02ed360b55369953b6d646e6b83d6d5e1d3bfe
W_semiprime,square_1_100,square_101_300,qa_orbit_id9,orbit_id9,hebbian_prototype,1.1264115344541128,1.111265453535213,21.008403361344538,-19.881991826890424,BEATS_NULL_BUT_NOT_TRIVIAL_PRODUCT,10000,40000,779,1904,0.0476,0.05361718904001577,1.0,0.10177736202057999,0.09009409343113181,0.10047758516055834,0.9974600917105578,1.0,1.0,1.0,1bbb134286dc6a518ca48f161462b5446607d734161bed9324c60ba345407c14
W_semiprime,square_1_100,square_101_300,qa_orbit_family9,orbit_family9,hebbian_prototype,1.1264115344541128,1.1264115344541128,21.008403361344538,-19.881991826890424,NULL_COMPETITIVE,10000,40000,779,1904,0.0476,0.05361718904001577,1.0,0.10177736202057999,0.09320236381662617,0.10177736202057999,1.0269746434967655,1.0,1.0,1.0,f2efeaeae0fdbb215160d70398740ca9261cd0805ae5eca2a4f1837fbfaeaf05
W_semiprime,square_1_100,square_101_300,qa_orbit_family24,orbit_family24,hebbian_prototype,1.0158730158730158,1.0158730158730158,21.008403361344538,-19.992530345471522,NULL_COMPETITIVE,10000,40000,779,1904,0.0476,0.048355555555555554,1.0,0.09225029676106496,0.09162323352361017,0.09225029676106496,1.0086385422306083,1.0,1.0,1.0,34d7b9754ee8642f7e3c6d17ac27dc2ecb6ea6bf196724e7632f8a99b6e197a9
R_inradius_semiprime,square_1_100,square_101_300,coordinate_only,"b,e",hebbian_prototype,14.832917824076036,3.1770779182821647,29.218407596785976,-14.38548977270994,BEATS_NULL_BUT_NOT_TRIVIAL_PRODUCT,10000,40000,693,1369,0.034225,0.5076566125290023,0.7991234477720964,0.6208853575482407,0.05421933420698133,0.1700636942675159,0.923789813223563,1.0,1.0,1.0,136579f6dfb1b0440b80d9ea7fc9548ed340c1593f4295bfb9c80c42ded233b7
R_inradius_semiprime,square_1_100,square_101_300,coordinate_full,"b,e,d,a",hebbian_prototype,13.957678414588155,3.7369569318737033,29.218407596785976,-15.26072918219782,BEATS_NULL_BUT_NOT_TRIVIAL_PRODUCT,10000,40000,693,1369,0.034225,0.4777015437392796,0.8137326515704895,0.6019994596055122,0.060643321121665615,0.19932268988872762,1.0788423948281545,1.0,1.0,1.0,cbe1f02e20002873a725b3f15914b34dc7d4aef5cdf50c2a232e00967cc592f0
R_inradius_semiprime,square_1_100,square_101_300,derived_products,"X,F,W,R,J,K,EA,D_plus_F,X_plus_F",hebbian_prototype,9.686181876775853,3.8670468452369278,29.218407596785976,-19.532225720010125,BEATS_NULL_BUT_NOT_TRIVIAL_PRODUCT,10000,40000,693,1369,0.034225,0.3315095747326536,0.9737034331628927,0.4946196660482375,0.06797062266442358,0.2297987094288741,1.169889062185578,1.0,1.0,1.0,e0ca57591faa365fb72308edf1bae1e78e77675fac1ff962ba8682cee69a10e8
R_inradius_semiprime,square_1_100,square_101_300,orbit9_plus_drop_be,"orbit_id9,d,a",hebbian_prototype,6.929972251709468,1.6140813874030964,29.218407596785976,-22.288435345076508,BEATS_NULL_BUT_NOT_TRIVIAL_PRODUCT,10000,40000,693,1369,0.034225,0.23717830031475653,0.9357195032870709,0.3784342688330872,0.04507642634189784,0.09331365648768306,0.7443033526838587,1.0,1.0,1.0,e376ba9995e9ad40494c64415cafbf4b4134ea96a08f065f7e7a91d1a9590a89
R_inradius_semiprime,square_1_100,square_101_300,drop_raw_be,"d,a",hebbian_prototype,7.003101059070226,2.432696218769408,29.218407596785976,-22.21530653771575,BEATS_NULL_BUT_NOT_TRIVIAL_PRODUCT,10000,40000,693,1369,0.034225,0.2396811337466785,0.9883126369612856,0.38579982891360143,0.06276193029926588,0.144473455178416,1.0373044984758644,1.0,1.0,1.0,84e2f4278b5f919eadba0db293ef7d3a1ad1fee72785e3e3538bbbf5509ea892
R_inradius_semiprime,square_1_100,square_101_300,qa_orbit_family9,orbit_family9,hebbian_prototype,1.1264115344541128,1.1264115344541128,29.218407596785976,-28.091996062331862,NULL_COMPETITIVE,10000,40000,693,1369,0.034225,0.03855143476669201,1.0,0.07424078091106291,0.06936266016308787,0.07424078091106291,1.04984014436678,1.0,1.0,1.0,64939914ddaf88109aeb149694b69294b5edd940dad1e5c068d9cf3da2a2d31e
R_inradius_semiprime,square_1_100,square_101_300,qa_orbit_family24,orbit_family24,hebbian_prototype,1.015873015873016,1.015873015873016,29.218407596785976,-28.20253458091296,NULL_COMPETITIVE,10000,40000,693,1369,0.034225,0.03476825396825397,1.0,0.06720007853917141,0.0665904998671406,0.06720007853917141,1.0063423133725533,1.0,1.0,1.0,8f8dd302577bd3e2c7cf2185da3fce73c0a91f652380646fe8e1b90151334198
R_inradius_semiprime,square_1_100,square_101_300,qa_orbit_id9,orbit_id9,hebbian_prototype,0.9972236387330727,1.1677651893688454,29.218407596785976,-28.221183958052904,NULL_COMPETITIVE,10000,40000,693,1369,0.034225,0.03412997903563941,0.2972972972972973,0.0612306303595607,0.06753481512852971,0.07563190376980228,1.027082787373566,1.0,1.0,1.0,b750855bd5ca471654ecf6c3159f0dbcf87b209026d3a08b5401401fb2333d0d
K_semiperimeter_semiprime,square_1_100,square_101_300,drop_raw_be,"d,a",hebbian_prototype,18.254307711108396,2.5542866750300695,39.920159680638726,-21.66585196953033,BEATS_NULL_BUT_NOT_TRIVIAL_PRODUCT,10000,40000,404,1002,0.02505,0.4572704081632653,0.7155688622754491,0.5579766536964981,0.04074061321228119,0.10980863640917743,0.984353744885451,1.0,1.0,1.0,a8eb6640f77f60d5a24d741504dcef11e863ca37330780243a26a99117daccea
K_semiperimeter_semiprime,square_1_100,square_101_300,orbit9_plus_drop_be,"orbit_id9,d,a",hebbian_prototype,17.69459885485898,3.4013660533949683,39.920159680638726,-22.225560825779745,BEATS_NULL_BUT_NOT_TRIVIAL_PRODUCT,10000,40000,404,1002,0.02505,0.4432497013142174,0.7405189620758483,0.554559043348281,0.029677197365007502,0.13407107895296871,0.7516854481047182,1.0,1.0,1.0,2735e0c63fe64761e21ab8e904983843c58294a0d62e181556d9d60cdbb5f94c
K_semiperimeter_semiprime,square_1_100,square_101_300,derived_products,"X,F,W,R,J,K,EA,D_plus_F,X_plus_F",hebbian_prototype,17.552197192915756,4.544659194106828,39.920159680638726,-22.36796248772297,BEATS_NULL_BUT_NOT_TRIVIAL_PRODUCT,10000,40000,404,1002,0.02505,0.4396825396825397,0.5528942115768463,0.48983200707338637,0.05497270330748566,0.17836142689141513,1.3766008685681608,1.0,1.0,1.0,bcbf2423a39a846113cdf859ab948d2a18bc8a1250fb72e4c2fe99af0209a5b0
K_semiperimeter_semiprime,square_1_100,square_101_300,coordinate_full,"b,e,d,a",hebbian_prototype,14.8305539458717,2.126466022203958,39.920159680638726,-25.089605734767026,BEATS_NULL_BUT_NOT_TRIVIAL_PRODUCT,10000,40000,404,1002,0.02505,0.37150537634408604,0.689620758483034,0.48287910552061497,0.019876615264483245,0.08025603151157064,0.5121442474110155,1.0,1.0,1.0,8b5a3cebd1c1b61f65baefa0ab2dc663d0fb223ede0652f994dcc3d13508eb42
K_semiperimeter_semiprime,square_1_100,square_101_300,coordinate_only,"b,e",hebbian_prototype,7.139335786258808,3.9751403721443914,39.920159680638726,-32.78082389437992,BEATS_NULL_BUT_NOT_TRIVIAL_PRODUCT,10000,40000,404,1002,0.02505,0.17884036144578314,0.9481037924151696,0.3009185936015204,0.043049200041307814,0.1612167300380228,1.0419217175805722,1.0,1.0,1.0,fab0cc33148244f8595067e980d29c0176e7c936d21fee94ef41358d1633df70
K_semiperimeter_semiprime,square_1_100,square_101_300,qa_orbit_family9,orbit_family9,hebbian_prototype,1.1264115344541128,1.1264115344541128,39.920159680638726,-38.79374814618461,NULL_COMPETITIVE,10000,40000,404,1002,0.02505,0.028216608938075524,1.0,0.05488456166296935,0.05089356053755081,0.05488456166296935,1.0424396412011034,1.0,1.0,1.0,c50dc1fc9abf402c5729c80c5cb59a726b2f2593456d334e972398911869787d
K_semiperimeter_semiprime,square_1_100,square_101_300,qa_orbit_family24,orbit_family24,hebbian_prototype,1.015873015873016,1.015873015873016,39.920159680638726,-38.904286664765706,NULL_COMPETITIVE,10000,40000,404,1002,0.02505,0.02544761904761905,1.0,0.04963221636079947,0.04917021711573414,0.04963221636079947,1.0061797593034123,1.0,1.0,1.0,1346db3efeaa710cdf0b02c07ccc7e32df81e4b1fa9d46aff5c2b7aade19cfa6
K_semiperimeter_semiprime,square_1_100,square_101_300,qa_orbit_id9,orbit_id9,hebbian_prototype,1.1264115344541128,1.1310543597853622,39.920159680638726,-38.79374814618461,NULL_COMPETITIVE,10000,40000,404,1002,0.02505,0.028216608938075524,1.0,0.05488456166296935,0.04935361180352465,0.05488456166296935,1.027634894733922,1.0,1.0,1.0,a8d701172f387aeccb2a2a53b331da5889328cc33470f0d2969f1f819c0b12da
J_exradius_semiprime,square_1_100,square_101_300,coordinate_full,"b,e,d,a",hebbian_prototype,15.49671312839257,3.5133882750287793,33.277870216306155,-17.781157087913584,BEATS_NULL_BUT_NOT_TRIVIAL_PRODUCT,10000,40000,562,1202,0.03005,0.4656762295081967,0.7562396006655574,0.5764109067850349,0.06846241326587854,0.17248209660216363,1.3647477072416,1.0,1.0,1.0,e5a98b6b5756eed1670dcefc3d6951cf760235b67f1fe4057129fecbb1b468d0
J_exradius_semiprime,square_1_100,square_101_300,derived_products,"X,F,W,R,J,K,EA,D_plus_F,X_plus_F",hebbian_prototype,10.525439811360316,2.9478836997601214,33.277870216306155,-22.75243040494584,BEATS_NULL_BUT_NOT_TRIVIAL_PRODUCT,10000,40000,562,1202,0.03005,0.3162894663313775,0.9417637271214643,0.47354110018824513,0.05517838313030724,0.15748613678373383,1.0357776269709444,1.0,1.0,1.0,7758f98b97faf24d015370312084ef3c8002b52b392b31daef551da883fc7f39
J_exradius_semiprime,square_1_100,square_101_300,drop_raw_be,"d,a",hebbian_prototype,9.891190031221218,3.5462505813339527,33.277870216306155,-23.386680185084938,BEATS_NULL_BUT_NOT_TRIVIAL_PRODUCT,10000,40000,562,1202,0.03005,0.2972302604381976,0.5981697171381032,0.39712786523059923,0.0597988004742037,0.1921311475409836,1.152277450655172,1.0,1.0,1.0,9c76c0144dfee7fbe81e6230dfa14698cf88a772369f37b676bb581141318192
J_exradius_semiprime,square_1_100,square_101_300,orbit9_plus_drop_be,"orbit_id9,d,a",hebbian_prototype,9.85270276035667,3.6871574352506693,33.277870216306155,-23.425167455949484,BEATS_NULL_BUT_NOT_TRIVIAL_PRODUCT,10000,40000,562,1202,0.03005,0.29607371794871795,0.6148086522462562,0.39967550027041643,0.062100676843868254,0.19212040725984952,1.214950471425135,1.0,1.0,1.0,8d423fa0feae43be5cb7920a15ea01b4076209e96b76e0486a9eec61a041c94b
J_exradius_semiprime,square_1_100,square_101_300,coordinate_only,"b,e",hebbian_prototype,8.733606140574365,2.903131284962092,33.277870216306155,-24.54426407573179,BEATS_NULL_BUT_NOT_TRIVIAL_PRODUCT,10000,40000,562,1202,0.03005,0.26244486452425964,0.6930116472545758,0.38071297989031083,0.057251950660157036,0.15168966641312615,1.1228368058435,1.0,1.0,1.0,5b5d2b3086a53a673126c9e2ebbb5d6dd069b0ccf5fecff221da9b4c0d91c227
J_exradius_semiprime,square_1_100,square_101_300,qa_orbit_id9,orbit_id9,hebbian_prototype,1.1264115344541128,1.119645013602003,33.277870216306155,-32.15145868185204,BEATS_NULL_BUT_NOT_TRIVIAL_PRODUCT,10000,40000,562,1202,0.03005,0.03384866661034609,1.0,0.06548089232696865,0.05791364110741361,0.06462886791945587,1.0027951726356297,1.0,1.0,1.0,2f3aed8ffc4d7741e4d3dd7b1371eeb5985f95613ec68c90be6dbaa35fb4744d
J_exradius_semiprime,square_1_100,square_101_300,qa_orbit_family9,orbit_family9,hebbian_prototype,1.1264115344541128,1.1264115344541128,33.277870216306155,-32.15145868185204,NULL_COMPETITIVE,10000,40000,562,1202,0.03005,0.03384866661034609,1.0,0.06548089232696865,0.059800277575846626,0.06548089232696865,1.0257498231708215,1.0,1.0,1.0,dd269c9cd3a8f65c921b6e46414efda68b592ff46d2050d990df88e5920b491f
J_exradius_semiprime,square_1_100,square_101_300,qa_orbit_family24,orbit_family24,hebbian_prototype,1.0158730158730158,1.0158730158730158,33.277870216306155,-32.26199720043314,NULL_COMPETITIVE,10000,40000,562,1202,0.03005,0.030526984126984128,1.0,0.05924538531680509,0.05885791481293341,0.05924538531680509,1.0090292543397337,1.0,1.0,1.0,615a5f2a3f32daf1d77cca94eaff026f5894b4c1bf0f899887db7a1572d89a84
G_square,square_1_100,square_101_300,coordinate_full,"b,e,d,a",hebbian_prototype,19.881845035219268,3.121098626716604,,,PERSISTENT_AFTER_LEAK_BASELINE,10000,40000,102,108,0.0027,0.05368098159509203,0.32407407407407407,0.09210526315789473,0.0042706483383831715,0.01293103448275862,1.0102600894383822,,,,5f6984d50ce1e5faef5967b70e5f1d5b369734fa863c3a90d8fc2196109fcaff
G_square,square_1_100,square_101_300,derived_products,"X,F,W,R,J,K,EA,D_plus_F,X_plus_F",hebbian_prototype,22.64273006631085,6.1218243036424855,,,PERSISTENT_AFTER_LEAK_BASELINE,10000,40000,102,108,0.0027,0.0611353711790393,0.12962962962962962,0.08308605341246289,0.004102449324907735,0.017467248908296942,1.0720306010958307,,,,b7b4cd7154ea4e029090f2d2834af6e53c0a14f8908d4cf700b340446434f3ba
G_square,square_1_100,square_101_300,orbit9_plus_drop_be,"orbit_id9,d,a",hebbian_prototype,9.915427238261882,4.092490280335584,,,PERSISTENT_AFTER_LEAK_BASELINE,10000,40000,102,108,0.0027,0.026771653543307086,0.1574074074074074,0.04576043068640646,0.003885016065444324,0.014598540145985403,0.9285487287341049,,,,ed6ee2ed7fdc1cd5441cfb038cd8ba1dc184c5d9881c8747201679bdd10789e3
G_square,square_1_100,square_101_300,drop_raw_be,"d,a",hebbian_prototype,8.484255180290422,5.29100529100529,,,PERSISTENT_AFTER_LEAK_BASELINE,10000,40000,102,108,0.0027,0.02290748898678414,0.24074074074074073,0.041834271922767494,0.006418028986741449,0.021505376344086023,1.6292348065067632,,,,bef38c9864f41ea91b94a1813a21afa4c27802f0726be117e2a3b9bda82a2d4c
G_square,square_1_100,square_101_300,qa_orbit_family24,orbit_family24,hebbian_prototype,5.333333333333333,5.333333333333333,,,NULL_COMPETITIVE,10000,40000,102,108,0.0027,0.0144,0.08333333333333333,0.02455661664392906,0.008889940619548915,0.02455661664392906,1.8035556310066112,,,,8ffee2316ffb84b901076c659a19bdfc66375e73ff959e2d187c1c82b2b54a69
G_square,square_1_100,square_101_300,qa_orbit_id9,orbit_id9,hebbian_prototype,2.5576924663580933,2.5576924663580933,,,NULL_COMPETITIVE,10000,40000,102,108,0.0027,0.006905769659166852,0.28703703703703703,0.013487056776158364,0.005885921893100331,0.013487056776158364,1.104434968740879,,,,96f84b62da5b2ef62aae9aadd9d160216ce5679ded7ddf0d6458b96f9fe9705d
G_square,square_1_100,square_101_300,coordinate_only,"b,e",hebbian_prototype,4.580273236989655,6.6006600660066,,,NULL_COMPETITIVE,10000,40000,102,108,0.0027,0.012366737739872069,0.26851851851851855,0.023644516918059518,0.003961622032790111,0.029363784665579117,0.9156866239547666,,,,f87c2799eb7349441740e27d30e74e716ebb93d8d7d9d9625063838ca3867b61
G_square,square_1_100,square_101_300,qa_orbit_family9,orbit_family9,hebbian_prototype,2.5576924663580933,6.1218243036424855,,,NULL_COMPETITIVE,10000,40000,102,108,0.0027,0.006905769659166852,0.28703703703703703,0.013487056776158364,0.011056157880030984,0.02702702702702703,2.19179054898706,,,,be3e039226761854138d8208d340c300c55789db966a1989466e7a0d7b7f3178
F_semiprime,square_1_100,square_101_300,coordinate_full,"b,e,d,a",hebbian_prototype,9.104438110866571,2.1349388645772875,17.551557700745942,-8.447119589879371,BEATS_NULL_BUT_NOT_TRIVIAL_PRODUCT,10000,40000,977,2279,0.056975,0.5187253613666228,0.6928477402369461,0.5932744692842382,0.09137219018327104,0.21066870552255484,0.9481871058180296,1.0,1.0,1.0,ad361cc5435e97df2e2096ae6b7311ae593225820d834bcaa8cc083b26d2b958
F_semiprime,square_1_100,square_101_300,derived_products,"X,F,W,R,J,K,EA,D_plus_F,X_plus_F",hebbian_prototype,5.56684192198926,1.6900625319446727,17.551557700745942,-11.984715778756682,BEATS_NULL_BUT_NOT_TRIVIAL_PRODUCT,10000,40000,977,2279,0.056975,0.31717081850533807,0.9385695480473892,0.4741216890169566,0.07404429602822507,0.16160903316866618,0.7372655922152689,1.0,1.0,1.0,85180314d73054f24bf01d46924ed208ed525968366ce4962ae5b41f4929265f
F_semiprime,square_1_100,square_101_300,orbit9_plus_drop_be,"orbit_id9,d,a",hebbian_prototype,5.446752926018384,1.808821993576655,17.551557700745942,-12.104804774727558,BEATS_NULL_BUT_NOT_TRIVIAL_PRODUCT,10000,40000,977,2279,0.056975,0.3103287479598974,0.5840280824923212,0.40529841656516447,0.11592154839630528,0.18315984948443534,1.1653023195599834,1.0,1.0,1.0,3ec147cc254810002b1e9f35f553f2e32fe3ff8d6a6fce5dd2a8870a8b9fae9c
F_semiprime,square_1_100,square_101_300,drop_raw_be,"d,a",hebbian_prototype,5.167481841397287,2.4593273831316047,17.551557700745942,-12.384075859348656,BEATS_NULL_BUT_NOT_TRIVIAL_PRODUCT,10000,40000,977,2279,0.056975,0.29441727791361044,0.6340500219394472,0.4021149297342424,0.10181813513685842,0.2338322918180497,1.0353281372259888,1.0,1.0,1.0,b2555d23a03fe2069c6fec9cf845b5aa14688c0768d4be4b3ce05ddabec4b6a9
F_semiprime,square_1_100,square_101_300,coordinate_only,"b,e",hebbian_prototype,4.369850083691721,1.9635436362427228,17.551557700745942,-13.181707617054222,BEATS_NULL_BUT_NOT_TRIVIAL_PRODUCT,10000,40000,977,2279,0.056975,0.2489722085183358,0.6643264589732338,0.362200956937799,0.11311000784282066,0.1945208619899129,1.1389779984129975,1.0,1.0,1.0,13b894f260efa3812944cb6c22f5df583f590b35a86705083ba1c28beee5ba73
F_semiprime,square_1_100,square_101_300,qa_orbit_family9,orbit_family9,hebbian_prototype,1.1264115344541128,1.1264115344541128,17.551557700745942,-16.425146166291828,NULL_COMPETITIVE,10000,40000,977,2279,0.056975,0.06417729717552308,1.0,0.12061391902619742,0.1101517149896905,0.12061391902619742,1.0231037074259477,1.0,1.0,1.0,b617b992ea519c152e4e3c517c400a519c13391c0b6d9f87476d065b24d7b649
F_semiprime,square_1_100,square_101_300,qa_orbit_id9,orbit_id9,hebbian_prototype,1.1264115344541128,1.1264115344541128,17.551557700745942,-16.425146166291828,NULL_COMPETITIVE,10000,40000,977,2279,0.056975,0.06417729717552308,1.0,0.12061391902619742,0.11052562597819648,0.12061391902619742,1.0280243607201849,1.0,1.0,1.0,595ec97406cf39329c69550f55357e93cbc55402e56080de961e5d9764c95246
F_semiprime,square_1_100,square_101_300,qa_orbit_family24,orbit_family24,hebbian_prototype,1.0158730158730158,1.0158730158730158,17.551557700745942,-16.535684684872926,NULL_COMPETITIVE,10000,40000,977,2279,0.056975,0.05787936507936508,1.0,0.10942526528064532,0.10838155018133049,0.10942526528064532,1.005631088442915,1.0,1.0,1.0,93cc4f2a5885be1f742822e8917f807f8356dedc739d3d2497e65dddf0b96ec6
EA_exradius_semiprime,square_1_100,square_101_300,coordinate_full,"b,e,d,a",hebbian_prototype,15.700199422897107,3.006714344565559,35.02626970227671,-19.3260702793796,BEATS_NULL_BUT_NOT_TRIVIAL_PRODUCT,10000,40000,538,1142,0.02855,0.4482406935237124,0.7697022767075307,0.5665485014502095,0.0392857305709987,0.142344374935904,0.8168745380648865,1.0,1.0,1.0,fce734c1cff2346aab24f8c13478066e001df935e000e2a4a4eb781dd3ff8f84
EA_exradius_semiprime,square_1_100,square_101_300,coordinate_only,"b,e",hebbian_prototype,10.265189528850758,2.7719308997225713,35.02626970227671,-24.76108017342595,BEATS_NULL_BUT_NOT_TRIVIAL_PRODUCT,10000,40000,538,1142,0.02855,0.29307116104868913,0.5481611208406305,0.38194020744356316,0.03369940462913188,0.13719085394307048,0.6827512712154242,1.0,1.0,1.0,ec07885b3046bd108a0c87127495acd3cb750add409cdf04ab3b9551c114624c
EA_exradius_semiprime,square_1_100,square_101_300,derived_products,"X,F,W,R,J,K,EA,D_plus_F,X_plus_F",hebbian_prototype,11.35926809713848,4.175503758306044,35.02626970227671,-23.667001605138225,BEATS_NULL_BUT_NOT_TRIVIAL_PRODUCT,10000,40000,538,1142,0.02855,0.3243071041733036,0.8914185639229422,0.4755898154636767,0.0552384900967335,0.1633103448275862,1.1522022219409425,1.0,1.0,1.0,85adc22d2e22053b92063f4c32b6913bdf140b33beae03dcd640fb70350a2843
EA_exradius_semiprime,square_1_100,square_101_300,orbit9_plus_drop_be,"orbit_id9,d,a",hebbian_prototype,8.935173019887856,2.7607890493997522,35.02626970227671,-26.09109668238885,BEATS_NULL_BUT_NOT_TRIVIAL_PRODUCT,10000,40000,538,1142,0.02855,0.25509918971779827,0.7994746059544658,0.3867824613429358,0.03921931951932739,0.1422843981915892,0.7841609103840042,1.0,1.0,1.0,34d0e741fd52e3404350fe108072b1d9a77e6c47e6362a779552feb290d8a9a8
EA_exradius_semiprime,square_1_100,square_101_300,drop_raw_be,"d,a",hebbian_prototype,8.923152248388112,3.4219144234994765,35.02626970227671,-26.103117453888594,BEATS_NULL_BUT_NOT_TRIVIAL_PRODUCT,10000,40000,538,1142,0.02855,0.2547559966914806,0.809106830122592,0.38750262109456907,0.0418831579607319,0.17425892603466236,0.8445060895195082,1.0,1.0,1.0,c397e1c29f177efeb64755c9dcdb9025f357ec85fd8cb8d1151a34f2ed4eefed
EA_exradius_semiprime,square_1_100,square_101_300,qa_orbit_family9,orbit_family9,hebbian_prototype,1.1264115344541128,1.1264115344541128,35.02626970227671,-33.89985816782259,NULL_COMPETITIVE,10000,40000,538,1142,0.02855,0.03215904930866492,1.0,0.062314135268600114,0.05828564063821097,0.062314135268600114,1.051499646341643,1.0,1.0,1.0,9c191dec9ad3402d7eed8007fb93d3b307e0251a639e0cf13b8584765e90a9b1
EA_exradius_semiprime,square_1_100,square_101_300,qa_orbit_id9,orbit_id9,hebbian_prototype,1.1264115344541128,1.1264115344541128,35.02626970227671,-33.89985816782259,NULL_COMPETITIVE,10000,40000,538,1142,0.02855,0.03215904930866492,1.0,0.062314135268600114,0.05440270878246515,0.062314135268600114,0.9931566310899835,1.0,1.0,1.0,4eace261c0083559f39bb5ba17d48884a051b8d2bc75c9f85723cfd6a9daa764
EA_exradius_semiprime,square_1_100,square_101_300,qa_orbit_family24,orbit_family24,hebbian_prototype,1.0158730158730158,1.0158730158730158,35.02626970227671,-34.010396686403695,NULL_COMPETITIVE,10000,40000,538,1142,0.02855,0.029003174603174604,1.0,0.05637139965940222,0.05593841593358967,0.05637139965940222,1.007847189095842,1.0,1.0,1.0,595307a14aac847072847b08f4d035945d2e3ddfee7215e6e3e31b7218170b25
D_plus_F_squarefree,square_1_100,square_101_300,orbit9_plus_drop_be,"orbit_id9,d,a",hebbian_prototype,1.4504017834041698,1.0007840147439557,,,PERSISTENT_AFTER_LEAK_BASELINE,10000,40000,5774,23066,0.57665,0.8363741884000145,0.999653169166739,0.9107534314209539,0.7310574721477331,0.73179322819154,0.9998794630492581,,,,1e362dc56ca7e7f1ff415034abb56c0bbdc3f1666e8b26c8a571f97ab82a804c
D_plus_F_squarefree,square_1_100,square_101_300,coordinate_only,"b,e",hebbian_prototype,1.451055213739725,1.0016179104571614,,,PERSISTENT_AFTER_LEAK_BASELINE,10000,40000,5774,23066,0.57665,0.8367509890030124,0.999523107604266,0.910922776032715,0.7311843795668957,0.7321680875045642,0.9998718407337929,,,,f6356ab9b0d9e2fc8f62ad8fa2a92757301baf7e60bb5017fece98b1273e9cb8
D_plus_F_squarefree,square_1_100,square_101_300,drop_raw_be,"d,a",hebbian_prototype,1.4503171608095662,1.002942123437505,,,PERSISTENT_AFTER_LEAK_BASELINE,10000,40000,5774,23066,0.57665,0.8363253907808363,0.9997398768750542,0.9107604810521536,0.7307225190293348,0.7321047773640155,0.9999935568382874,,,,29e7c26294d0d3adc2194569b5827e9d93883cb3a5d7afa1e728e542659635e0
D_plus_F_squarefree,square_1_100,square_101_300,derived_products,"X,F,W,R,J,K,EA,D_plus_F,X_plus_F",hebbian_prototype,1.4405217305041125,1.0073344088260403,,,PERSISTENT_AFTER_LEAK_BASELINE,10000,40000,5774,23066,0.57665,0.8306768558951965,0.9896384288563254,0.9032168717603767,0.7304416485285696,0.7345767575322811,0.9998491112509885,,,,fdd54ec997e9e24def47a97bef3c8c630dbb008b0cfd1a7fb872a781204e89f6
D_plus_F_squarefree,square_1_100,square_101_300,coordinate_full,"b,e,d,a",hebbian_prototype,1.4050272498480023,1.0002083192648994,,,PERSISTENT_AFTER_LEAK_BASELINE,10000,40000,5774,23066,0.57665,0.8102089636248505,0.9984826151044828,0.8945467257049637,0.7305211628111927,0.73152627321607,0.9993156800521754,,,,8a79ed56b41048f307eec5514c61817f8452f92c2a39361ca08786f1c4596670
D_plus_F_squarefree,square_1_100,square_101_300,qa_orbit_family9,orbit_family9,hebbian_prototype,1.1264115344541128,1.0,,,PERSISTENT_AFTER_LEAK_BASELINE,10000,40000,5774,23066,0.57665,0.6495452113429642,1.0,0.7875445994161531,0.7314876478609711,0.7314876478609711,1.0,,,,497c58788430dc1b9798e9a95aaebadd213174df248a757905a35c371fb78794
D_plus_F_squarefree,square_1_100,square_101_300,qa_orbit_id9,orbit_id9,hebbian_prototype,1.1264115344541128,1.0,,,PERSISTENT_AFTER_LEAK_BASELINE,10000,40000,5774,23066,0.57665,0.6495452113429642,1.0,0.7875445994161531,0.7314876478609711,0.7314876478609711,1.0,,,,610780d2afe4d4d5d63f68f074374b996aa2373e0bd44c895351aeac6ef672a9
D_plus_F_squarefree,square_1_100,square_101_300,qa_orbit_family24,orbit_family24,hebbian_prototype,1.0158730158730158,1.0,,,PERSISTENT_AFTER_LEAK_BASELINE,10000,40000,5774,23066,0.57665,0.5858031746031745,1.0,0.7388094361076857,0.7314876478609711,0.7314876478609711,1.0,,,,f4d24f682358b335970837fc4e0b3288b4dceada484d90d60195c65774f35c05
D_plus_F_square,square_1_100,square_101_300,derived_products,"X,F,W,R,J,K,EA,D_plus_F,X_plus_F",hebbian_prototype,28.24858757062147,7.936507936507938,,,PERSISTENT_AFTER_LEAK_BASELINE,10000,40000,84,96,0.0024,0.06779661016949153,0.08333333333333333,0.07476635514018692,0.004642145508698808,0.034188034188034185,1.2264411169223401,,,,c6fd7248aaff93f842e8dd3333856b879efc2b21899a4fd470b9ddd640f087ed
D_plus_F_square,square_1_100,square_101_300,coordinate_full,"b,e,d,a",hebbian_prototype,29.680365296803654,13.157894736842106,,,PERSISTENT_AFTER_LEAK_BASELINE,10000,40000,84,96,0.0024,0.07123287671232877,0.2708333333333333,0.11279826464208242,0.0041960863956378705,0.031413612565445025,1.490850002772579,,,,7a93bbebaaadbf1e4db13259b50deb09ae5da99bdf16ff3a9d3603e3f08dc9a4
D_plus_F_square,square_1_100,square_101_300,orbit9_plus_drop_be,"orbit_id9,d,a",hebbian_prototype,11.981787682722263,4.901960784313726,,,PERSISTENT_AFTER_LEAK_BASELINE,10000,40000,84,96,0.0024,0.02875629043853343,0.4166666666666667,0.05379959650302623,0.0016813747507584621,0.011049723756906079,0.5633329019063533,,,,166789a428a27ff8660cdc1ab908e03fa28d3d5a381a57b1d2e69476341b1edc
D_plus_F_square,square_1_100,square_101_300,drop_raw_be,"d,a",hebbian_prototype,9.297207043108683,3.7202380952380953,,,PERSISTENT_AFTER_LEAK_BASELINE,10000,40000,84,96,0.0024,0.022313296903460837,0.5104166666666666,0.042757417102966835,0.004179176823096756,0.01582591493570722,0.9682566573071185,,,,bf2f5da420c907f3dcc64b5997f9c7d7aebea8f4ce3e0204efae347a61e10858
D_plus_F_square,square_1_100,square_101_300,coordinate_only,"b,e",hebbian_prototype,4.351610095735422,2.8935185185185186,,,PERSISTENT_AFTER_LEAK_BASELINE,10000,40000,84,96,0.0024,0.010443864229765013,0.041666666666666664,0.016701461377870562,0.0027540238830601376,0.011363636363636362,0.6885187848929368,,,,7057536ad86bc76412cace3226d1e260ff769ac0d6861a1cfddbb9131fc8f964
D_plus_F_square,square_1_100,square_101_300,qa_orbit_id9,orbit_id9,hebbian_prototype,2.506126085987971,2.1847690387016234,,,PERSISTENT_AFTER_LEAK_BASELINE,10000,40000,84,96,0.0024,0.00601470260637113,0.28125,0.01177753544165758,0.0056425155118388385,0.010241404535479151,1.191361332955197,,,,77c18c615274799e9a43b9ae99d75c8c96858bf29844e4e91a1872668a833718
D_plus_F_square,square_1_100,square_101_300,qa_orbit_family9,orbit_family9,hebbian_prototype,2.506126085987971,5.1652892561983474,,,NULL_COMPETITIVE,10000,40000,84,96,0.0024,0.00601470260637113,0.28125,0.01177753544165758,0.007799086360374523,0.020689655172413793,1.7294110411385692,,,,3ac29dda09076740963c56580786769113195fd45b40c10c85ff60cdf997848f
D_plus_F_square,square_1_100,square_101_300,qa_orbit_family24,orbit_family24,hebbian_prototype,5.333333333333334,13.020833333333334,,,NULL_COMPETITIVE,10000,40000,84,96,0.0024,0.0128,0.08333333333333333,0.022191400832177532,0.010160868497940437,0.025,3.0653066024389557,,,,5471f63473d7247bc2749f5c393be29d69bc9b8e9479552146168929f416c916
D_plus_F_semiprime,square_1_100,square_101_300,coordinate_only,"b,e",hebbian_prototype,1.4501074815480959,1.0405635338334192,,,PERSISTENT_AFTER_LEAK_BASELINE,10000,40000,2767,10336,0.2584,0.37470777323202803,0.992453560371517,0.5440178192617734,0.4021532242593464,0.42251710553597344,0.9940372813103353,,,,2c71ff83f46bcbe0131acdad59decd074df418d9cc6e2c45b8ade1db1fc622d2
D_plus_F_semiprime,square_1_100,square_101_300,orbit9_plus_drop_be,"orbit_id9,d,a",hebbian_prototype,1.44348830644834,1.0684804985477643,,,PERSISTENT_AFTER_LEAK_BASELINE,10000,40000,2767,10336,0.2584,0.3729973783862511,0.9910990712074303,0.5420105820105819,0.4006378159980389,0.42387589928057556,0.9963446894892144,,,,7bffafa5100db41297b3bd5ab57bf109664885c30645d9b6073f5e4189ac6299
D_plus_F_semiprime,square_1_100,square_101_300,derived_products,"X,F,W,R,J,K,EA,D_plus_F,X_plus_F",hebbian_prototype,1.4387026355114012,1.0654871383673568,,,PERSISTENT_AFTER_LEAK_BASELINE,10000,40000,2767,10336,0.2584,0.3717607610161461,0.9868421052631579,0.5400683027559368,0.40315791078420904,0.4314446999790926,1.0008259733136073,,,,907d439715ebdb1e2fdd9386d71fb70e319236211ce99082a16952c9bf66cd6a
D_plus_F_semiprime,square_1_100,square_101_300,drop_raw_be,"d,a",hebbian_prototype,1.4429674128586805,1.0804635210548497,,,PERSISTENT_AFTER_LEAK_BASELINE,10000,40000,2767,10336,0.2584,0.37286277948268304,0.9874226006191951,0.5413174923093244,0.4033504519861972,0.4262925411393129,1.0032125961571325,,,,211d6f91636ad4b1cb9bc7bd46041c4b7c3a4a96928c20de6553adfa6104e8a3
D_plus_F_semiprime,square_1_100,square_101_300,coordinate_full,"b,e,d,a",hebbian_prototype,1.4005244715964236,1.1009068678614564,,,PERSISTENT_AFTER_LEAK_BASELINE,10000,40000,2767,10336,0.2584,0.3618955234605159,0.9745549535603715,0.5277966989782551,0.39427589908807653,0.43864391757146015,0.9890185085874033,,,,e807b06676b9656dbde2d411c7b1c85165cf4706baebafde3c9282bc0f95c184
D_plus_F_semiprime,square_1_100,square_101_300,qa_orbit_id9,orbit_id9,hebbian_prototype,1.1264115344541126,1.0,,,PERSISTENT_AFTER_LEAK_BASELINE,10000,40000,2767,10336,0.2584,0.29106474050294273,1.0,0.450891007045172,0.4106802288620471,0.4106802288620471,1.0,,,,4b68e665fd357bc9fca6e4ff452b15a03b27ac05055c2a50af8582a0ef29892e
D_plus_F_semiprime,square_1_100,square_101_300,qa_orbit_family9,orbit_family9,hebbian_prototype,1.1264115344541126,1.012248203259439,,,PERSISTENT_AFTER_LEAK_BASELINE,10000,40000,2767,10336,0.2584,0.29106474050294273,1.0,0.450891007045172,0.4108795881964461,0.41466741555002806,1.0006124101629719,,,,c652451f1ae620be0326d160c3f5f8edd2f3a58dfaa0c3ff9d599f46188c05a5
D_plus_F_semiprime,square_1_100,square_101_300,qa_orbit_family24,orbit_family24,hebbian_prototype,1.0158730158730158,1.001602564102564,,,PERSISTENT_AFTER_LEAK_BASELINE,10000,40000,2767,10336,0.2584,0.2625015873015873,1.0,0.41584357586852005,0.4107847941653856,0.4112030553787397,1.0003205128205128,,,,f13e5528d5f5530155bcf8147391eaf72dd48569456be9a0cc42e2e287b26f50
